Código do Município,ideb_2017_municipio
1100015,6.2
1100023,5.5
1100031,6.1
1100049,6.3
1100056,6.4
1100064,6.4
1100072,5.7
1100080,4.8
1100098,6.1
1100106,4.9
1100114,6.1
1100122,6.2
1100130,5.2
1100148,7.2
1100155,5.8
1100189,6.2
1100205,5.3
1100254,6.3
1100262,5.1
1100288,6.4
1100296,6.8
1100304,5.9
1100320,5.7
1100338,5.2
1100346,5.8
1100379,5.8
1100403,5.7
1100452,5.6
1100502,5.8
1100601,5.8
1100700,5.3
1100809,4.4
1100924,5.2
1100940,4.5
1101005,5.5
1101104,4.8
1101203,6.9
1101302,5.3
1101401,5.3
1101435,5.4
1101450,5.3
1101468,6.3
1101476,5.1
1101484,5.7
1101492,5.9
1101500,5.7
1101559,6.0
1101609,6.4
1101708,6.0
1101757,5.8
1101807,5.1
1200013,5.4
1200054,4.3
1200104,6.4
1200138,4.5
1200179,4.2
1200203,5.5
1200252,5.8
1200302,5.5
1200328,4.8
1200336,5.2
1200344,4.7
1200351,4.2
1200385,5.2
1200393,3.7
1200401,6.4
1200427,5.8
1200435,3.4
1200450,6.4
1200500,5.7
1200609,5.2
1200708,5.5
1200807,5.0
1300029,3.7
1300060,4.0
1300086,5.0
1300102,5.3
1300144,5.4
1300201,4.5
1300300,4.8
1300409,4.7
1300508,4.6
1300607,4.4
1300631,4.6
1300680,4.6
1300706,6.1
1300805,5.1
1300839,4.7
1300904,3.8
1301001,4.8
1301100,4.8
1301159,4.3
1301209,4.6
1301308,4.6
1301407,4.5
1301506,3.7
1301605,3.1
1301654,4.1
1301704,4.5
1301803,3.7
1301852,4.5
1301902,5.7
1301951,4.4
1302009,5.2
1302108,4.9
1302207,3.6
1302306,3.9
1302405,4.1
1302504,5.3
1302553,4.4
1302603,5.9
1302702,5.1
1302801,3.5
1302900,5.1
1303007,5.8
1303106,4.8
1303205,5.7
1303304,5.1
1303403,5.8
1303502,3.1
1303536,5.0
1303569,4.7
1303601,4.4
1303700,4.0
1303809,4.5
1303908,4.4
1303957,5.2
1304005,4.4
1304062,4.6
1304104,4.3
1304203,4.6
1304237,3.7
1304260,3.8
1304302,5.3
1304401,4.4
1400027,4.6
1400050,4.6
1400100,5.8
1400159,4.5
1400209,4.5
1400233,4.5
1400282,4.4
1400308,4.3
1400407,4.3
1400456,5.0
1400472,4.5
1400506,4.2
1400605,4.2
1400704,4.2
1500107,4.6
1500131,5.1
1500206,3.7
1500305,3.3
1500347,3.5
1500404,4.0
1500503,3.6
1500602,5.5
1500701,3.3
1500800,5.0
1500859,4.2
1500909,4.0
1500958,4.6
1501006,3.6
1501105,3.9
1501204,3.9
1501253,4.0
1501303,4.1
1501402,4.8
1501451,4.6
1501501,6.2
1501576,4.7
1501600,4.0
1501709,4.1
1501725,5.3
1501758,4.4
1501782,4.4
1501808,3.5
1501907,4.0
1501956,3.5
1502004,3.9
1502103,3.8
1502152,5.0
1502202,4.4
1502301,3.6
1502400,4.7
1502509,3.3
1502608,4.4
1502707,4.5
1502756,3.8
1502764,3.9
1502772,5.3
1502806,3.1
1502855,3.8
1502905,3.8
1502939,5.4
1502954,4.4
1503002,4.1
1503044,4.3
1503077,3.7
1503093,4.5
1503101,3.3
1503200,3.7
1503309,3.8
1503408,4.6
1503457,4.5
1503507,4.1
1503606,4.8
1503705,3.9
1503754,3.8
1503804,4.3
1503903,4.7
1504000,3.6
1504059,4.7
1504109,3.9
1504208,4.6
1504307,4.4
1504406,3.8
1504422,4.8
1504455,4.3
1504505,3.3
1504604,3.9
1504703,4.8
1504752,5.0
1504802,4.4
1504901,4.2
1504950,3.5
1504976,4.0
1505007,4.1
1505031,5.0
1505064,4.2
1505106,4.8
1505205,3.5
1505304,4.8
1505403,4.5
1505437,4.8
1505486,4.0
1505494,3.6
1505502,5.7
1505536,5.7
1505551,3.4
1505601,4.7
1505635,4.4
1505650,4.1
1505700,4.1
1505809,3.3
1505908,3.7
1506005,3.5
1506104,4.6
1506112,4.1
1506138,4.8
1506161,4.8
1506187,4.9
1506195,4.8
1506203,4.2
1506302,4.2
1506351,5.1
1506401,3.3
1506500,4.1
1506559,3.8
1506583,3.6
1506609,4.2
1506708,3.9
1506807,5.5
1506906,4.4
1507003,3.9
1507102,4.0
1507151,3.9
1507201,3.4
1507300,4.0
1507409,4.4
1507458,4.4
1507466,3.4
1507474,3.9
1507508,3.7
1507607,4.4
1507706,4.1
1507755,4.1
1507805,4.4
1507904,4.0
1507953,4.4
1507961,4.8
1507979,5.6
1508001,4.6
1508035,3.8
1508050,4.7
1508084,4.5
1508100,4.6
1508126,6.0
1508159,4.4
1508209,4.1
1508308,3.7
1508357,4.9
1508407,4.4
1600055,5.1
1600105,3.7
1600154,4.6
1600204,3.4
1600212,3.4
1600238,3.6
1600253,4.1
1600279,4.3
1600303,4.5
1600402,4.2
1600501,4.0
1600535,4.1
1600550,2.7
1600600,4.8
1600709,3.8
1600808,3.6
1700251,4.9
1700301,4.4
1700350,6.0
1700400,4.5
1700707,5.6
1701002,5.1
1701051,5.0
1701101,5.7
1701309,4.4
1701903,4.5
1702000,5.9
1702109,6.1
1702158,5.4
1702208,5.2
1702307,5.3
1702406,5.1
1702554,5.6
1702703,6.0
1702901,4.3
1703008,4.3
1703057,4.7
1703073,4.1
1703107,5.1
1703206,4.9
1703305,5.5
1703602,5.7
1703701,5.0
1703800,4.7
1703826,4.6
1703842,4.2
1703867,4.8
1703883,4.1
1703891,3.8
1703909,4.6
1704105,4.5
1704600,4.1
1705102,5.0
1705508,5.8
1705557,6.1
1705607,5.3
1706001,5.1
1706100,5.2
1706258,4.8
1706506,4.6
1707009,5.3
1707108,5.6
1707207,4.8
1707306,5.7
1707405,4.0
1707553,4.7
1707652,5.5
1707702,4.8
1708205,5.4
1708254,5.3
1708304,4.9
1709005,4.2
1709302,5.7
1709500,6.0
1709807,4.5
1710508,5.4
1710706,4.1
1710904,4.9
1711100,5.1
1711506,5.2
1711803,4.0
1711902,3.9
1711951,4.3
1712009,4.8
1712157,5.3
1712405,4.2
1712454,4.4
1712504,5.0
1712702,4.7
1712801,4.7
1713205,5.0
1713304,5.3
1713601,4.5
1713700,5.3
1713809,5.2
1713957,4.6
1714203,5.8
1714302,5.3
1714880,4.0
1715002,5.2
1715101,5.0
1715150,5.9
1715259,4.6
1715507,3.9
1715705,3.9
1715754,6.0
1716109,6.4
1716208,4.6
1716307,4.3
1716505,6.0
1716604,5.0
1716653,5.7
1716703,5.3
1717008,4.9
1717206,4.7
1717503,5.0
1717800,4.8
1717909,5.0
1718006,4.9
1718204,5.4
1718303,4.0
1718402,5.5
1718451,4.8
1718501,3.9
1718550,4.7
1718659,4.4
1718709,4.8
1718758,5.5
1718808,4.9
1718840,5.2
1718865,4.5
1718881,4.6
1718899,4.3
1718907,4.7
1719004,4.0
1720002,3.8
1720101,4.2
1720150,4.8
1720200,4.0
1720259,5.0
1720309,4.6
1720499,6.1
1720655,4.9
1720804,4.6
1720853,4.5
1720903,5.1
1720937,4.2
1720978,5.0
1721000,6.5
1721109,4.6
1721208,5.4
1721257,4.8
1721307,4.4
1722081,4.7
1722107,5.2
2100055,5.0
2100105,4.4
2100154,4.3
2100204,4.4
2100303,4.1
2100402,4.5
2100436,4.3
2100477,5.5
2100501,5.2
2100550,3.8
2100600,4.1
2100709,4.4
2100808,3.8
2100832,4.6
2100873,4.2
2100907,4.0
2100956,3.6
2101004,5.2
2101103,4.9
2101202,5.1
2101251,4.8
2101301,4.4
2101350,4.7
2101400,4.6
2101509,5.1
2101608,4.6
2101707,4.6
2101731,3.7
2101772,4.1
2101806,4.1
2101905,4.8
2101939,4.5
2101970,4.0
2102002,4.4
2102036,4.1
2102077,4.5
2102101,3.8
2102150,3.9
2102200,4.2
2102309,5.3
2102325,4.2
2102358,4.5
2102374,4.2
2102408,4.0
2102507,4.1
2102556,5.1
2102606,4.6
2102705,4.3
2102754,4.4
2102804,4.6
2102903,5.1
2103000,4.9
2103109,5.0
2103125,4.5
2103158,4.0
2103174,4.0
2103208,4.2
2103257,4.5
2103307,4.4
2103406,4.0
2103505,4.1
2103554,3.9
2103604,4.7
2103703,4.8
2103752,4.5
2103802,4.8
2103901,5.1
2104008,4.4
2104057,4.8
2104073,4.5
2104081,3.9
2104099,5.3
2104107,4.7
2104206,4.8
2104305,4.2
2104404,4.3
2104503,4.6
2104552,4.5
2104602,3.9
2104628,3.6
2104651,4.0
2104677,4.0
2104701,3.9
2104800,4.2
2104909,4.4
2105005,4.3
2105104,4.3
2105153,4.5
2105203,4.6
2105302,5.2
2105351,3.6
2105401,4.1
2105427,4.7
2105450,4.6
2105476,3.7
2105500,4.6
2105609,4.6
2105658,5.1
2105708,4.5
2105807,5.2
2105906,4.2
2105922,6.1
2105948,5.0
2105963,4.2
2105989,4.8
2106003,4.5
2106201,4.1
2106300,4.8
2106326,4.0
2106359,4.2
2106375,4.3
2106409,4.3
2106508,4.4
2106607,3.9
2106631,5.5
2106672,4.2
2106706,4.1
2106755,5.2
2106805,4.4
2106904,4.0
2107001,3.9
2107100,3.9
2107209,4.5
2107258,4.7
2107308,4.1
2107357,4.5
2107407,4.0
2107456,4.1
2107506,5.0
2107605,4.9
2107704,4.2
2107803,4.0
2107902,5.1
2108009,5.0
2108058,4.6
2108108,3.8
2108207,4.5
2108256,4.0
2108306,4.8
2108405,4.4
2108454,3.8
2108504,4.0
2108603,4.9
2108702,3.9
2108801,4.4
2108900,4.6
2109007,5.9
2109056,4.2
2109106,4.3
2109205,4.9
2109239,4.5
2109270,4.9
2109304,4.1
2109403,4.5
2109452,4.2
2109502,4.5
2109551,4.4
2109601,5.2
2109700,4.6
2109759,4.0
2109809,3.8
2109908,4.2
2110005,4.6
2110039,3.9
2110203,4.7
2110237,4.3
2110278,4.1
2110302,4.9
2110401,4.2
2110500,4.9
2110609,4.4
2110658,3.9
2110708,4.6
2110807,4.6
2110856,5.2
2110906,4.4
2111003,4.2
2111029,4.4
2111052,4.6
2111078,4.1
2111102,5.0
2111201,5.3
2111250,3.9
2111300,4.7
2111409,4.4
2111508,4.5
2111532,4.7
2111573,4.0
2111607,5.5
2111631,3.8
2111672,3.7
2111706,3.8
2111722,4.7
2111748,4.2
2111763,3.9
2111789,4.2
2111805,4.6
2111904,5.1
2111953,4.5
2112001,4.2
2112100,4.0
2112209,5.0
2112233,4.9
2112274,4.1
2112308,4.7
2112407,4.4
2112456,3.8
2112506,4.4
2112605,4.0
2112704,4.3
2112803,4.5
2112852,5.0
2112902,4.5
2113009,4.4
2114007,4.4
2200053,5.5
2200103,4.5
2200202,6.1
2200251,4.4
2200277,5.3
2200301,5.1
2200400,5.3
2200459,3.4
2200509,4.3
2200608,5.3
2200707,4.2
2200806,4.7
2200905,4.7
2201002,5.0
2201051,4.5
2201101,5.0
2201150,5.4
2201176,4.6
2201200,4.9
2201309,3.3
2201408,3.8
2201507,4.0
2201556,5.5
2201572,5.3
2201606,6.1
2201705,3.7
2201739,4.6
2201770,4.8
2201804,5.1
2201903,6.3
2201919,4.5
2201929,3.9
2201945,5.2
2201960,5.3
2201988,3.2
2202000,4.4
2202026,6.6
2202059,5.5
2202075,4.6
2202083,3.8
2202091,5.9
2202109,4.1
2202117,3.3
2202133,5.3
2202174,4.2
2202208,5.3
2202251,3.6
2202307,4.6
2202406,5.3
2202455,4.3
2202505,4.1
2202539,4.3
2202554,4.8
2202604,7.3
2202653,4.4
2202703,4.8
2202711,4.9
2202729,5.8
2202737,4.7
2202752,4.2
2202778,5.7
2202802,4.6
2202851,5.5
2202901,3.5
2203008,3.1
2203107,4.2
2203206,3.5
2203230,4.0
2203255,4.0
2203271,4.5
2203305,5.1
2203354,3.6
2203404,5.0
2203420,7.1
2203453,5.8
2203503,3.8
2203602,4.4
2203701,4.1
2203750,4.1
2203800,4.5
2203909,5.5
2204006,4.6
2204105,5.2
2204154,4.7
2204204,5.6
2204303,5.8
2204352,4.3
2204402,3.5
2204501,4.5
2204550,4.3
2204600,4.5
2204659,4.2
2204709,5.5
2204808,5.3
2204907,4.6
2205003,4.9
2205102,4.4
2205151,4.5
2205201,3.7
2205250,4.1
2205276,5.0
2205300,3.8
2205359,4.1
2205409,5.3
2205458,4.8
2205508,4.2
2205516,5.8
2205524,3.7
2205532,3.1
2205540,6.1
2205557,4.1
2205565,4.9
2205573,4.3
2205581,4.0
2205599,4.1
2205607,5.2
2205706,4.1
2205805,3.8
2205854,4.7
2205904,5.3
2205953,4.8
2206001,4.0
2206050,4.4
2206100,4.1
2206209,3.6
2206308,3.5
2206407,5.8
2206506,4.6
2206605,3.7
2206654,3.6
2206670,4.9
2206696,4.3
2206704,4.5
2206720,4.6
2206753,5.2
2206803,3.6
2206902,4.2
2206951,4.8
2207009,7.1
2207108,5.3
2207207,5.3
2207306,4.0
2207355,6.8
2207405,4.6
2207504,3.8
2207553,4.2
2207603,3.5
2207702,4.6
2207751,4.0
2207777,5.4
2207801,4.8
2207850,3.9
2207900,4.5
2207934,3.7
2207959,4.2
2208007,4.4
2208106,3.8
2208205,4.8
2208304,6.2
2208403,4.6
2208502,3.8
2208551,4.7
2208601,4.8
2208650,4.1
2208700,3.6
2208809,4.3
2208858,4.0
2208874,4.5
2208908,4.9
2209005,3.7
2209104,4.1
2209153,5.1
2209203,4.4
2209302,4.4
2209351,5.2
2209377,4.9
2209401,4.3
2209450,4.2
2209500,6.0
2209559,5.5
2209609,5.6
2209658,4.7
2209708,4.7
2209757,4.0
2209807,4.3
2209856,5.0
2209872,4.4
2209906,5.8
2209955,4.5
2209971,4.5
2210003,3.8
2210052,5.7
2210102,4.4
2210201,4.0
2210300,4.5
2210359,3.7
2210375,5.3
2210383,4.5
2210391,5.2
2210409,5.9
2210508,3.7
2210607,3.8
2210623,4.3
2210631,6.3
2210656,4.6
2210706,5.0
2210805,5.4
2210904,4.2
2210938,4.5
2210953,4.6
2210979,6.3
2211001,6.7
2211100,4.7
2211209,4.2
2211308,4.3
2211357,3.9
2211407,4.3
2211506,5.1
2211605,5.2
2211704,4.6
2300101,5.8
2300150,5.4
2300200,6.3
2300309,6.0
2300408,6.1
2300507,7.3
2300606,7.1
2300705,5.4
2300754,5.7
2300804,5.7
2300903,5.3
2301000,5.6
2301109,6.1
2301208,5.6
2301257,8.3
2301307,6.0
2301406,5.9
2301505,5.4
2301604,6.0
2301703,5.2
2301802,5.5
2301851,5.7
2301901,6.2
2301950,5.9
2302008,5.3
2302057,7.2
2302107,5.0
2302206,6.3
2302305,6.6
2302404,5.6
2302503,7.9
2302602,6.6
2302701,5.9
2302800,5.2
2302909,5.7
2303006,5.5
2303105,7.2
2303204,5.4
2303303,5.9
2303402,5.7
2303501,6.5
2303600,5.6
2303659,8.2
2303709,5.1
2303808,5.5
2303907,5.9
2303931,5.4
2303956,6.0
2304004,7.9
2304103,5.7
2304202,5.3
2304236,6.3
2304251,7.7
2304269,8.6
2304277,6.4
2304285,6.6
2304301,6.8
2304350,7.6
2304400,6.0
2304459,6.9
2304509,7.9
2304608,5.7
2304657,6.6
2304707,7.7
2304806,5.1
2304905,7.8
2304954,5.5
2305001,6.2
2305100,6.2
2305209,6.2
2305233,6.8
2305266,4.8
2305308,6.3
2305332,6.0
2305357,5.9
2305407,4.5
2305506,5.8
2305605,6.9
2305654,7.0
2305704,4.2
2305803,6.6
2305902,5.3
2306009,5.9
2306108,6.3
2306207,6.9
2306256,5.6
2306306,5.8
2306405,6.0
2306504,5.2
2306553,6.2
2306603,7.2
2306702,5.7
2306801,5.7
2306900,6.4
2307007,6.3
2307106,5.5
2307205,7.7
2307254,8.2
2307304,5.0
2307403,6.2
2307502,4.6
2307601,5.5
2307635,5.2
2307650,5.8
2307700,5.8
2307809,6.1
2307908,7.3
2308005,6.5
2308104,6.0
2308203,7.9
2308302,4.8
2308351,8.4
2308377,5.2
2308401,4.9
2308500,5.9
2308609,6.4
2308708,5.4
2308807,6.4
2308906,6.4
2309003,6.8
2309102,5.4
2309201,7.0
2309300,5.8
2309409,7.6
2309458,5.8
2309508,5.9
2309607,6.0
2309706,5.6
2309805,5.1
2309904,6.9
2310001,6.1
2310100,5.5
2310209,5.6
2310258,5.9
2310308,6.1
2310407,5.1
2310506,7.3
2310605,6.7
2310704,6.6
2310803,6.2
2310852,6.2
2310902,6.9
2310951,7.5
2311009,5.8
2311108,6.5
2311207,5.3
2311231,5.9
2311264,6.4
2311306,5.1
2311355,5.8
2311405,7.4
2311504,5.9
2311603,5.8
2311702,7.5
2311801,6.7
2311900,5.6
2311959,6.7
2312007,5.7
2312106,5.4
2312205,5.7
2312304,5.1
2312403,6.5
2312502,6.5
2312601,4.8
2312700,5.6
2312809,6.9
2312908,9.1
2313005,6.3
2313104,6.1
2313203,6.0
2313252,5.9
2313302,6.4
2313351,5.2
2313401,6.1
2313500,5.7
2313559,6.2
2313609,6.6
2313708,4.3
2313757,5.8
2313807,5.6
2313906,7.2
2313955,7.1
2314003,5.6
2314102,6.2
2400109,6.6
2400208,4.2
2400307,3.9
2400406,5.0
2400505,4.5
2400604,4.9
2400802,4.1
2400901,4.1
2401008,4.9
2401107,4.7
2401206,4.0
2401305,4.3
2401404,3.9
2401453,4.4
2401503,4.7
2401602,3.8
2401651,4.1
2401701,4.0
2401800,4.7
2401859,3.6
2401909,4.3
2402006,4.9
2402105,4.7
2402204,4.0
2402303,4.9
2402402,5.6
2402501,4.3
2402600,4.1
2402709,4.8
2402808,4.7
2402907,4.1
2403004,6.3
2403103,5.6
2403202,5.3
2403251,4.7
2403301,4.4
2403400,5.4
2403509,3.7
2403608,4.2
2403707,5.2
2403756,4.0
2403806,4.9
2403905,4.5
2404002,4.2
2404101,4.0
2404200,4.8
2404309,4.4
2404408,4.4
2404507,4.4
2404606,4.7
2404705,3.6
2404804,6.2
2404853,4.2
2404903,5.5
2405009,5.6
2405108,3.8
2405207,4.2
2405306,3.8
2405405,4.0
2405504,3.9
2405603,4.7
2405702,5.1
2405801,3.8
2405900,3.1
2406007,4.1
2406106,4.6
2406155,3.5
2406205,3.4
2406304,3.8
2406403,4.0
2406502,4.9
2406601,3.7
2406700,5.4
2406809,3.9
2406908,5.1
2407005,4.7
2407104,4.3
2407203,4.0
2407252,4.7
2407302,3.9
2407401,4.7
2407500,4.0
2407609,4.2
2407708,4.4
2407807,4.1
2408003,5.3
2408102,4.8
2408201,4.2
2408300,3.9
2408409,4.4
2408508,4.9
2408607,4.1
2408706,3.7
2408805,3.8
2408904,5.4
2408953,3.5
2409100,4.3
2409209,4.0
2409308,4.3
2409332,4.6
2409407,5.0
2409506,4.7
2409605,3.6
2409704,3.9
2409803,4.1
2409902,4.1
2410009,4.6
2410108,3.8
2410207,4.7
2410256,3.4
2410306,4.1
2410405,3.7
2410504,4.0
2410603,5.1
2410702,5.4
2410801,4.6
2410900,3.7
2411007,4.7
2411056,4.7
2411106,5.4
2411205,4.2
2411403,4.5
2411429,6.0
2411502,4.2
2411601,3.8
2411700,4.8
2411809,5.3
2411908,4.6
2412005,4.0
2412104,5.6
2412203,4.0
2412302,3.8
2412401,5.6
2412500,5.2
2412559,4.5
2412609,4.2
2412708,4.7
2412807,3.8
2412906,4.1
2413003,5.2
2413102,3.8
2413201,3.8
2413300,4.6
2413359,4.5
2413409,5.0
2413508,5.0
2413557,5.0
2413607,4.9
2413706,4.2
2413805,5.1
2413904,3.5
2414001,4.2
2414100,4.5
2414159,4.7
2414209,4.2
2414308,4.1
2414407,4.2
2414456,3.9
2414506,3.8
2414605,4.3
2414704,3.3
2414753,4.3
2414803,3.8
2414902,4.9
2415008,3.8
2500106,6.1
2500205,4.8
2500304,4.3
2500403,4.7
2500502,3.8
2500536,5.0
2500577,4.6
2500601,3.6
2500700,4.6
2500734,5.3
2500775,4.4
2500809,3.8
2500908,4.3
2501005,4.3
2501104,4.2
2501203,5.3
2501302,3.9
2501351,4.7
2501401,3.8
2501500,4.5
2501534,5.3
2501575,5.4
2501609,5.0
2501708,4.9
2501807,4.4
2501906,4.8
2502003,4.8
2502052,5.3
2502102,4.1
2502151,5.9
2502201,4.2
2502300,4.9
2502409,3.8
2502508,4.6
2502607,4.4
2502706,3.7
2502805,5.1
2502904,4.3
2503001,4.0
2503100,6.5
2503209,4.8
2503308,3.5
2503407,4.7
2503506,4.8
2503555,3.7
2503605,4.1
2503704,4.8
2503753,5.3
2503803,3.5
2503902,4.9
2504009,5.2
2504033,3.5
2504074,5.1
2504108,5.5
2504157,4.9
2504207,4.2
2504306,4.6
2504355,4.8
2504405,5.2
2504504,4.5
2504603,4.2
2504702,5.3
2504801,4.5
2504850,7.1
2504900,3.6
2505006,4.3
2505105,5.7
2505204,3.7
2505238,3.8
2505279,4.1
2505303,4.7
2505352,4.3
2505402,4.5
2505600,3.8
2505709,5.6
2505808,3.7
2505907,4.0
2506004,5.4
2506103,4.1
2506202,5.5
2506251,5.5
2506301,4.6
2506400,3.3
2506509,5.6
2506608,4.8
2506707,4.4
2506806,3.7
2506905,4.7
2507002,4.4
2507101,4.1
2507200,3.9
2507309,4.5
2507408,4.0
2507507,4.9
2507606,4.2
2507705,4.4
2507804,4.4
2507903,4.5
2508000,5.0
2508109,4.7
2508208,4.4
2508307,4.7
2508406,4.2
2508505,5.3
2508554,4.5
2508604,4.2
2508703,4.0
2508802,5.1
2508901,3.5
2509008,5.1
2509057,2.8
2509107,4.2
2509156,4.1
2509206,4.7
2509305,4.4
2509339,4.2
2509370,4.9
2509396,4.8
2509404,4.3
2509503,5.8
2509602,5.0
2509701,5.9
2509800,4.4
2509909,4.2
2510006,4.3
2510105,4.5
2510204,4.5
2510303,5.8
2510402,5.0
2510501,5.3
2510600,4.7
2510659,4.3
2510709,5.1
2510808,4.7
2510907,5.2
2511004,4.8
2511103,5.4
2511202,4.8
2511301,4.1
2511400,5.6
2511509,3.7
2511608,4.2
2511707,3.9
2511806,4.2
2511905,4.1
2512002,4.7
2512036,4.4
2512077,4.7
2512101,6.0
2512200,6.0
2512309,5.8
2512408,4.6
2512507,5.3
2512606,5.4
2512705,4.8
2512721,3.8
2512747,4.9
2512754,3.9
2512762,4.9
2512788,3.9
2512804,5.0
2512903,4.2
2513000,4.4
2513158,4.3
2513208,5.9
2513307,5.8
2513356,4.4
2513406,5.6
2513505,4.9
2513604,4.0
2513653,5.5
2513703,4.0
2513802,5.2
2513851,4.5
2513901,4.4
2513927,5.5
2513943,6.2
2513968,4.4
2513984,6.0
2514008,3.9
2514107,4.5
2514206,4.8
2514305,5.7
2514404,3.9
2514453,3.8
2514503,5.0
2514602,4.1
2514651,5.1
2514701,5.5
2514800,5.1
2514909,5.6
2515005,3.7
2515104,4.8
2515203,4.7
2515302,4.5
2515401,4.8
2515500,4.5
2515609,4.4
2515708,6.0
2515807,3.6
2515906,4.2
2515930,4.7
2515971,5.2
2516003,4.6
2516102,4.1
2516151,4.6
2516201,4.9
2516300,4.8
2516409,4.6
2516508,4.3
2516607,5.5
2516706,4.8
2516755,4.3
2516805,4.5
2516904,4.4
2517001,3.7
2517100,6.6
2517209,5.6
2517407,5.0
2600054,4.5
2600104,5.5
2600203,4.6
2600302,4.4
2600401,4.6
2600500,5.1
2600609,4.8
2600708,3.4
2600807,4.8
2600906,4.5
2601003,4.4
2601052,4.6
2601102,4.3
2601201,5.8
2601300,6.4
2601409,4.4
2601508,4.9
2601607,4.8
2601706,4.3
2601805,4.7
2601904,5.5
2602001,4.0
2602100,4.6
2602209,5.1
2602308,7.2
2602407,5.2
2602506,6.1
2602605,4.5
2602704,4.9
2602803,4.5
2602902,4.8
2603009,5.1
2603108,5.1
2603207,4.9
2603306,3.9
2603454,5.0
2603504,4.6
2603603,4.7
2603702,4.8
2603801,5.0
2603900,6.2
2603926,4.2
2604007,4.7
2604106,5.2
2604155,5.2
2604205,4.1
2604304,4.9
2604403,4.1
2604502,4.2
2604601,4.3
2604700,4.1
2604809,4.7
2604908,4.7
2605004,4.7
2605103,4.7
2605152,6.2
2605202,4.0
2605301,5.1
2605400,5.2
2605459,6.2
2605509,4.3
2605608,5.1
2605707,4.7
2605806,4.7
2605905,3.5
2606002,4.7
2606101,4.2
2606200,4.0
2606309,5.5
2606408,4.2
2606507,4.6
2606606,4.8
2606705,5.1
2606804,4.6
2606903,5.2
2607000,4.1
2607109,5.5
2607208,4.5
2607307,4.8
2607406,4.4
2607505,4.1
2607604,4.8
2607653,4.3
2607703,5.3
2607752,5.1
2607802,3.6
2607901,5.2
2607950,4.4
2608008,3.9
2608057,4.8
2608107,4.8
2608206,4.3
2608255,5.5
2608305,5.6
2608404,4.8
2608453,4.5
2608503,4.5
2608602,4.5
2608701,4.6
2608750,6.3
2608800,4.7
2608909,5.4
2609006,4.5
2609105,4.7
2609154,3.9
2609204,4.0
2609303,4.0
2609402,4.0
2609501,4.5
2609600,4.5
2609709,6.3
2609808,3.8
2609907,3.8
2610004,4.8
2610103,3.5
2610202,7.1
2610301,5.0
2610400,4.7
2610509,5.1
2610608,4.1
2610707,4.7
2610806,4.5
2610905,4.5
2611002,5.4
2611101,5.8
2611200,4.9
2611309,4.2
2611408,3.9
2611507,4.7
2611533,6.0
2611606,5.0
2611705,4.5
2611804,4.4
2611903,3.9
2612000,5.1
2612109,5.2
2612208,5.3
2612307,5.6
2612406,5.0
2612455,4.9
2612471,4.9
2612505,5.3
2612554,4.7
2612604,3.9
2612703,5.2
2612802,4.8
2612901,4.4
2613008,5.6
2613107,4.8
2613206,5.1
2613305,4.5
2613404,4.2
2613503,5.3
2613602,5.8
2613701,4.2
2613800,4.4
2613909,5.1
2614006,5.1
2614105,4.7
2614204,4.4
2614303,4.6
2614402,5.7
2614501,5.0
2614600,5.5
2614709,4.2
2614808,5.2
2614857,4.7
2615003,5.4
2615102,5.4
2615201,5.5
2615300,5.0
2615409,4.4
2615508,4.7
2615607,5.3
2615706,6.2
2615805,3.9
2615904,5.7
2616001,4.7
2616100,4.1
2616183,5.1
2616209,4.4
2616308,4.5
2616407,4.2
2616506,4.8
2700102,4.7
2700201,4.2
2700300,5.0
2700409,4.2
2700508,4.2
2700607,5.2
2700706,4.8
2700805,5.8
2700904,3.8
2701001,5.0
2701100,5.4
2701209,5.0
2701308,4.6
2701357,4.1
2701407,6.2
2701506,4.0
2701605,4.8
2701704,4.3
2701803,4.4
2701902,4.2
2702009,4.6
2702108,4.5
2702207,4.4
2702306,8.5
2702355,4.2
2702405,4.2
2702504,5.0
2702553,4.6
2702603,4.6
2702702,5.2
2702801,4.9
2702900,4.1
2703007,4.6
2703106,4.6
2703205,4.7
2703304,5.0
2703403,4.8
2703502,5.1
2703601,3.1
2703700,5.0
2703759,7.2
2703809,4.4
2703908,4.8
2704005,6.1
2704104,4.3
2704203,5.1
2704302,5.0
2704401,4.4
2704500,4.0
2704609,4.6
2704708,4.8
2704807,4.4
2704906,5.5
2705002,4.9
2705101,4.5
2705200,5.8
2705309,4.3
2705408,3.7
2705507,5.1
2705606,3.6
2705705,4.4
2705804,4.2
2705903,4.8
2706000,4.0
2706109,4.3
2706208,5.3
2706307,5.0
2706406,4.4
2706422,5.5
2706448,4.7
2706505,3.6
2706604,4.7
2706703,5.1
2706802,5.2
2706901,4.3
2707008,6.1
2707107,4.6
2707206,4.2
2707305,4.6
2707404,4.5
2707503,4.5
2707602,4.7
2707701,4.8
2707800,6.3
2707909,3.8
2708006,4.1
2708105,5.0
2708204,4.1
2708303,5.5
2708402,5.3
2708501,4.6
2708600,5.3
2708709,5.4
2708808,4.4
2708907,4.4
2708956,4.7
2709004,4.4
2709103,5.6
2709152,6.9
2709202,3.9
2709301,5.2
2709400,5.7
2800100,5.0
2800209,4.1
2800308,4.6
2800407,4.4
2800506,4.2
2800605,4.1
2800670,4.3
2800704,3.4
2801009,4.3
2801108,5.0
2801207,4.1
2801306,4.0
2801405,4.2
2801504,4.2
2801603,4.1
2801702,4.3
2801900,3.8
2802007,3.9
2802106,3.9
2802205,3.5
2802304,3.7
2802403,4.1
2802502,3.6
2802601,5.1
2802700,3.6
2802809,4.2
2802908,4.6
2803005,4.9
2803104,4.1
2803203,4.3
2803302,4.9
2803401,3.9
2803500,4.4
2803609,3.8
2803708,4.5
2803807,4.2
2803906,4.1
2804003,3.5
2804102,4.2
2804201,3.8
2804300,3.7
2804409,3.8
2804458,4.0
2804508,4.3
2804607,4.2
2804706,4.1
2804805,4.6
2804904,3.7
2805000,3.7
2805109,3.8
2805208,4.0
2805307,4.6
2805406,3.6
2805505,4.9
2805604,3.5
2805703,4.0
2805802,4.0
2805901,3.8
2806008,4.3
2806107,4.3
2806206,4.1
2806305,3.9
2806404,3.9
2806503,3.5
2806602,4.5
2806701,4.1
2806800,4.7
2806909,4.2
2807006,3.4
2807105,4.4
2807204,4.0
2807303,4.6
2807402,4.8
2807501,4.6
2807600,4.2
2900108,5.6
2900207,4.9
2900306,3.9
2900355,5.1
2900405,3.7
2900504,4.2
2900603,3.8
2900702,4.2
2900801,4.8
2900900,3.4
2901007,5.0
2901106,4.3
2901155,4.9
2901205,4.6
2901304,5.7
2901353,4.0
2901403,4.6
2901502,5.0
2901601,4.0
2901700,4.1
2901809,5.1
2901908,3.4
2901957,3.9
2902005,4.5
2902054,4.0
2902104,3.5
2902203,4.0
2902252,3.4
2902302,3.8
2902401,3.8
2902500,5.1
2902609,4.5
2902658,4.4
2902708,4.2
2902807,5.5
2902906,4.1
2903003,5.9
2903201,5.0
2903235,5.1
2903276,4.4
2903300,5.2
2903409,4.0
2903508,4.9
2903607,3.3
2903706,4.6
2903805,5.1
2903904,4.8
2903953,4.7
2904001,5.2
2904050,5.0
2904100,5.2
2904209,6.1
2904308,5.1
2904407,4.7
2904506,4.4
2904605,6.1
2904704,4.0
2904753,4.5
2904803,5.0
2904852,3.8
2904902,3.8
2905008,6.4
2905107,4.6
2905156,4.5
2905206,5.1
2905305,4.9
2905404,4.4
2905503,3.7
2905602,3.7
2905701,4.8
2905800,4.1
2905909,4.1
2906006,4.4
2906105,4.3
2906204,4.4
2906303,4.0
2906402,3.8
2906501,4.7
2906600,4.9
2906709,4.3
2906808,3.5
2906824,4.2
2906857,4.9
2906873,4.4
2906899,4.1
2906907,4.8
2907004,3.8
2907103,4.4
2907202,4.2
2907301,4.4
2907400,5.1
2907509,4.8
2907558,4.6
2907608,4.5
2907707,4.6
2907806,4.4
2907905,3.7
2908002,4.2
2908101,4.9
2908200,4.6
2908309,4.3
2908408,4.3
2908507,4.5
2908606,4.0
2908705,6.1
2908804,5.2
2908903,3.7
2909000,6.3
2909109,5.1
2909208,4.6
2909307,4.4
2909406,4.5
2909505,4.7
2909604,5.1
2909703,4.9
2909802,4.7
2909901,4.9
2910008,3.9
2910057,4.5
2910107,5.3
2910206,5.7
2910305,4.6
2910404,4.5
2910503,3.9
2910602,3.7
2910701,4.1
2910727,4.4
2910750,5.4
2910776,5.8
2910800,4.5
2910859,4.1
2910909,4.5
2911006,4.2
2911105,4.5
2911204,5.3
2911253,4.6
2911303,5.4
2911402,4.0
2911501,4.5
2911600,4.7
2911659,4.6
2911709,4.9
2911808,4.2
2911857,4.9
2911907,4.8
2912004,6.0
2912103,4.7
2912202,4.4
2912301,4.9
2912400,4.8
2912509,5.0
2912608,4.0
2912707,4.4
2912806,5.1
2912905,4.2
2913002,5.7
2913101,4.3
2913200,4.8
2913309,4.1
2913408,4.7
2913457,4.2
2913507,4.2
2913606,4.6
2913705,3.7
2913804,3.7
2913903,4.4
2914000,4.4
2914109,5.4
2914208,4.8
2914307,4.3
2914406,5.6
2914505,4.6
2914604,5.5
2914653,4.3
2914703,4.7
2914802,4.0
2914901,4.3
2915007,5.1
2915106,4.9
2915205,4.9
2915304,3.7
2915353,4.4
2915403,3.7
2915502,4.1
2915601,5.2
2915700,4.4
2915809,3.6
2915908,4.0
2916005,5.1
2916104,4.3
2916203,4.5
2916302,4.1
2916401,4.5
2916500,4.1
2916609,4.3
2916708,5.4
2916807,4.5
2916856,7.1
2916906,4.1
2917003,4.0
2917102,4.3
2917201,5.2
2917300,4.6
2917334,4.6
2917359,5.8
2917409,6.6
2917508,4.9
2917607,4.1
2917706,4.5
2917805,4.3
2917904,4.4
2918001,4.4
2918100,3.7
2918209,4.9
2918308,4.1
2918357,4.7
2918407,5.4
2918456,4.6
2918506,4.8
2918555,4.0
2918605,5.1
2918704,4.9
2918753,4.8
2918803,4.3
2918902,4.9
2919009,4.2
2919058,4.6
2919108,4.2
2919157,4.6
2919207,4.5
2919306,4.7
2919405,6.8
2919504,5.8
2919553,5.5
2919603,4.2
2919702,5.1
2919801,5.4
2919900,4.2
2919926,5.1
2919959,5.8
2920007,4.5
2920106,4.6
2920205,3.9
2920304,5.7
2920403,4.3
2920452,5.3
2920502,4.8
2920601,4.0
2920700,4.1
2920809,4.8
2920908,4.0
2921005,5.7
2921054,5.2
2921104,5.0
2921203,4.6
2921302,4.2
2921401,4.6
2921450,5.1
2921500,4.0
2921609,4.1
2921708,4.4
2921807,6.1
2921906,5.1
2922003,4.5
2922052,4.3
2922102,4.8
2922201,4.4
2922250,4.8
2922300,3.8
2922409,4.2
2922508,5.1
2922607,4.4
2922656,4.1
2922706,3.8
2922730,4.5
2922755,4.5
2922805,5.4
2922854,4.3
2922904,4.2
2923001,5.0
2923035,6.4
2923050,4.0
2923100,4.3
2923209,4.3
2923308,4.3
2923357,4.1
2923407,4.2
2923506,5.2
2923605,5.1
2923704,4.4
2923803,5.1
2923902,5.3
2924009,5.3
2924108,3.7
2924207,3.8
2924306,5.9
2924405,3.5
2924504,4.8
2924603,4.5
2924652,5.1
2924678,4.4
2924702,5.8
2924801,3.9
2924900,5.2
2925006,4.8
2925105,4.7
2925204,5.2
2925253,3.6
2925303,4.5
2925402,4.2
2925501,4.1
2925600,5.1
2925709,4.9
2925758,4.8
2925808,4.7
2925907,4.1
2925931,4.6
2925956,4.3
2926004,4.0
2926103,4.6
2926202,4.2
2926301,3.9
2926400,6.1
2926509,4.0
2926608,5.5
2926657,3.8
2926707,6.2
2926806,5.2
2926905,4.3
2927002,4.8
2927101,5.2
2927200,4.4
2927309,4.4
2927408,5.3
2927507,4.0
2927606,5.1
2927705,4.3
2927804,4.3
2927903,4.3
2928000,4.5
2928059,3.7
2928109,5.0
2928208,4.6
2928307,3.5
2928406,4.0
2928505,4.6
2928604,4.5
2928703,4.8
2928802,4.4
2928901,4.9
2928950,4.3
2929008,4.0
2929057,5.4
2929107,4.9
2929206,5.0
2929255,5.0
2929305,4.3
2929354,3.7
2929370,4.2
2929404,4.9
2929503,4.9
2929602,4.7
2929701,4.3
2929750,4.2
2929800,4.1
2929909,5.8
2930006,6.4
2930105,4.0
2930154,4.6
2930204,4.1
2930303,4.9
2930402,4.3
2930501,3.8
2930600,5.4
2930709,4.5
2930758,4.6
2930766,4.1
2930774,5.1
2930808,5.9
2930907,4.5
2931004,4.3
2931053,5.2
2931103,4.2
2931202,4.2
2931301,5.3
2931350,5.0
2931400,4.1
2931509,4.5
2931608,4.1
2931707,3.7
2931806,4.7
2931905,5.1
2932002,5.2
2932101,4.5
2932309,4.0
2932408,4.6
2932457,4.0
2932507,4.3
2932606,6.0
2932705,3.6
2932804,4.7
2932903,4.2
2933000,5.1
2933059,3.6
2933109,4.2
2933158,4.5
2933174,4.3
2933208,4.3
2933257,5.6
2933307,4.7
2933406,5.9
2933455,5.3
2933505,4.0
2933604,4.6
3100104,6.6
3100203,7.0
3100302,6.8
3100401,6.4
3100500,5.8
3100609,6.6
3100708,5.7
3100807,7.6
3100906,6.1
3101003,6.1
3101102,6.2
3101201,6.5
3101300,6.4
3101409,6.3
3101508,5.9
3101607,6.5
3101631,7.3
3101706,4.7
3101805,4.7
3101904,6.6
3102001,7.0
3102050,6.4
3102100,6.5
3102209,7.1
3102308,6.2
3102407,5.1
3102506,6.4
3102605,7.0
3102704,5.9
3102803,6.7
3102852,7.2
3102902,6.9
3103009,6.7
3103108,6.5
3103207,6.1
3103405,6.0
3103504,6.5
3103603,5.2
3103702,6.7
3103751,6.0
3103801,7.7
3103900,7.4
3104007,6.8
3104106,6.6
3104205,7.0
3104304,6.6
3104403,5.7
3104452,7.0
3104502,5.5
3104601,6.0
3104700,5.9
3104809,5.1
3104908,6.4
3105004,6.5
3105103,7.0
3105202,6.4
3105301,6.5
3105400,6.3
3105509,5.6
3105608,6.7
3105707,6.1
3105905,6.8
3106002,6.1
3106101,5.6
3106200,6.4
3106309,5.8
3106408,6.3
3106507,6.5
3106606,5.9
3106655,5.9
3106705,6.1
3106804,6.8
3106903,6.3
3107000,6.5
3107109,6.5
3107208,6.5
3107307,6.4
3107406,6.7
3107505,6.3
3107604,7.0
3107802,6.5
3107901,6.3
3108008,7.0
3108107,5.7
3108206,6.3
3108255,5.3
3108305,7.0
3108404,6.7
3108503,6.2
3108552,6.4
3108602,6.5
3108701,7.0
3108800,5.2
3108909,6.7
3109006,6.4
3109105,6.4
3109204,6.4
3109253,6.7
3109303,5.8
3109402,5.6
3109451,6.1
3109501,6.7
3109600,6.8
3109709,7.2
3109808,6.4
3109907,7.0
3110004,6.6
3110103,4.9
3110202,6.9
3110301,6.5
3110509,5.9
3110608,6.6
3110707,6.8
3110806,4.9
3110905,6.0
3111002,6.9
3111101,6.4
3111150,5.6
3111200,6.8
3111309,7.2
3111408,5.5
3111507,6.2
3111606,6.6
3111705,6.3
3111804,6.5
3111903,5.9
3112000,7.4
3112059,5.6
3112109,6.2
3112208,6.3
3112307,7.1
3112406,6.1
3112505,6.1
3112604,6.3
3112653,5.7
3112703,5.0
3112802,7.5
3112901,5.9
3113008,5.7
3113107,6.5
3113206,6.9
3113305,5.8
3113404,6.5
3113503,6.3
3113602,5.9
3113701,5.8
3113800,5.4
3113909,6.3
3114006,7.4
3114105,6.3
3114204,6.6
3114303,7.1
3114402,6.9
3114501,7.1
3114550,6.0
3114600,6.8
3114709,7.1
3114808,7.0
3114907,7.1
3115003,7.5
3115102,6.4
3115201,6.1
3115300,6.0
3115359,7.0
3115409,6.0
3115458,5.6
3115474,6.0
3115508,6.1
3115607,6.7
3115706,6.5
3115805,6.3
3115904,5.6
3116001,6.2
3116100,6.1
3116159,6.2
3116209,5.2
3116308,6.6
3116407,6.5
3116506,6.1
3116605,7.1
3116704,6.9
3116803,6.0
3116902,6.0
3117009,5.5
3117108,7.5
3117207,6.1
3117306,5.4
3117405,5.7
3117504,6.1
3117603,6.9
3117702,5.6
3117801,7.1
3117836,5.4
3117876,6.5
3117900,6.5
3118007,6.4
3118106,4.9
3118205,5.4
3118304,6.7
3118403,6.1
3118502,7.1
3118601,6.2
3118700,6.7
3118809,6.2
3118908,6.3
3119005,7.5
3119104,6.2
3119203,6.3
3119302,6.9
3119401,6.3
3119500,5.6
3119609,6.0
3119708,6.6
3119906,7.4
3119955,7.3
3120003,6.6
3120102,5.5
3120151,5.0
3120201,6.6
3120300,5.4
3120409,6.2
3120508,7.0
3120607,6.5
3120706,6.5
3120805,6.6
3120839,5.2
3120870,6.4
3120904,6.4
3121001,6.7
3121100,7.2
3121209,6.3
3121258,5.3
3121308,7.1
3121407,6.8
3121506,7.1
3121605,6.5
3121704,6.2
3121803,6.3
3121902,6.2
3122009,6.0
3122108,5.8
3122207,6.5
3122306,7.0
3122355,6.0
3122405,6.8
3122454,5.6
3122470,6.5
3122504,6.8
3122603,6.5
3122702,8.0
3122801,7.4
3122900,6.7
3123007,6.9
3123106,5.8
3123205,6.4
3123403,5.7
3123502,6.3
3123528,6.4
3123601,6.0
3123700,6.3
3123809,6.5
3123858,6.5
3123908,6.7
3124005,6.3
3124104,5.8
3124203,5.8
3124302,5.8
3124401,7.5
3124500,6.9
3124609,5.8
3124708,6.2
3124807,6.0
3124906,5.9
3125002,5.7
3125101,6.6
3125200,6.7
3125309,6.0
3125408,4.6
3125507,6.9
3125606,5.4
3125705,5.9
3125804,6.5
3125903,6.4
3125952,6.0
3126000,7.4
3126109,7.3
3126208,6.3
3126307,7.3
3126406,7.1
3126505,7.0
3126604,5.7
3126703,5.5
3126752,5.3
3126802,5.8
3126901,5.5
3126950,6.4
3127008,6.2
3127057,5.9
3127073,6.4
3127107,6.4
3127206,5.3
3127305,6.0
3127339,6.4
3127354,6.0
3127370,6.4
3127388,6.0
3127404,7.3
3127503,6.6
3127602,7.2
3127701,6.1
3127800,6.3
3127909,5.9
3128006,6.2
3128105,6.7
3128204,6.6
3128253,6.1
3128303,6.3
3128402,6.6
3128501,5.2
3128600,6.4
3128709,7.0
3128808,7.5
3128907,6.5
3129004,6.5
3129103,6.0
3129202,6.0
3129301,6.5
3129400,5.9
3129509,6.6
3129608,5.5
3129657,6.2
3129707,6.4
3129806,6.2
3129905,6.4
3130002,4.9
3130051,5.3
3130101,6.4
3130200,6.7
3130309,6.5
3130408,6.5
3130507,6.9
3130556,6.0
3130606,6.2
3130655,5.8
3130705,5.8
3130804,6.0
3130903,6.0
3131000,5.7
3131109,5.9
3131158,6.4
3131208,7.0
3131307,6.7
3131406,6.1
3131505,6.8
3131604,6.6
3131703,6.4
3131802,5.9
3131901,6.7
3132008,6.8
3132107,5.6
3132206,7.0
3132305,5.6
3132404,7.0
3132503,6.7
3132602,7.6
3132701,5.7
3132800,7.0
3132909,7.3
3133006,5.8
3133105,7.0
3133204,6.0
3133303,6.0
3133402,6.8
3133501,6.5
3133600,6.4
3133709,6.4
3133758,7.3
3133808,7.4
3133907,6.3
3134004,5.6
3134103,6.0
3134202,6.3
3134301,6.8
3134400,6.6
3134509,7.0
3134608,6.2
3134707,5.5
3134806,6.9
3134905,6.4
3135001,6.0
3135050,5.7
3135076,4.4
3135100,6.4
3135209,5.5
3135308,7.4
3135357,6.7
3135407,6.0
3135456,5.7
3135506,5.9
3135605,6.1
3135704,6.9
3135803,5.5
3135902,6.9
3136009,6.0
3136108,7.2
3136207,6.8
3136306,6.3
3136405,6.9
3136504,5.4
3136520,6.2
3136553,6.1
3136579,5.3
3136603,6.2
3136652,6.5
3136702,5.6
3136801,6.2
3136900,7.0
3136959,5.1
3137007,5.1
3137106,6.9
3137205,7.2
3137304,6.0
3137403,7.1
3137502,7.4
3137536,6.6
3137601,6.5
3137700,6.0
3137809,7.0
3137908,7.5
3138005,6.2
3138104,6.2
3138203,6.3
3138302,7.0
3138351,7.2
3138401,5.7
3138500,6.3
3138609,6.0
3138625,5.8
3138658,6.2
3138674,6.4
3138682,6.2
3138708,7.4
3138807,6.5
3138906,5.5
3139003,7.2
3139102,6.4
3139201,5.8
3139250,5.9
3139300,5.2
3139409,6.3
3139508,6.0
3139607,6.4
3139706,5.6
3139805,6.0
3139904,7.0
3140001,6.1
3140100,5.9
3140159,6.3
3140209,6.4
3140308,6.4
3140407,7.4
3140506,6.7
3140530,6.2
3140555,5.7
3140605,5.6
3140704,6.2
3140803,5.3
3140852,5.2
3140902,5.3
3141009,6.5
3141108,6.7
3141207,6.2
3141306,6.7
3141405,5.5
3141504,5.7
3141603,6.3
3141702,5.9
3141801,6.5
3141900,5.5
3142007,5.4
3142106,6.7
3142205,6.6
3142254,5.1
3142304,6.7
3142403,6.8
3142502,6.3
3142601,7.2
3142700,6.2
3142809,5.8
3142908,6.1
3143005,6.3
3143104,6.9
3143153,5.9
3143203,6.4
3143302,6.4
3143401,6.4
3143450,5.8
3143500,7.2
3143609,6.4
3143708,6.4
3143807,6.2
3143906,6.6
3144003,6.5
3144102,6.6
3144201,5.9
3144300,5.7
3144359,5.5
3144375,6.1
3144409,7.1
3144508,5.9
3144607,6.6
3144656,5.7
3144672,5.7
3144706,6.5
3144805,6.1
3144904,5.8
3145000,7.4
3145059,5.4
3145109,6.7
3145208,6.6
3145307,5.8
3145356,6.0
3145372,5.6
3145406,6.3
3145455,6.0
3145505,6.1
3145604,6.6
3145703,6.7
3145802,6.4
3145851,5.8
3145877,5.9
3145901,6.6
3146008,6.9
3146107,6.2
3146206,5.6
3146255,5.5
3146305,5.6
3146404,6.9
3146503,7.6
3146552,6.0
3146602,6.2
3146701,5.8
3146750,5.1
3146909,6.2
3147006,6.1
3147105,6.8
3147204,6.6
3147303,6.9
3147402,6.5
3147501,6.0
3147600,6.6
3147709,7.2
3147808,5.6
3147907,6.9
3147956,5.7
3148004,7.2
3148103,6.7
3148202,5.5
3148301,6.2
3148400,5.1
3148509,5.5
3148608,6.2
3148707,5.5
3148756,5.3
3148806,6.2
3148905,7.1
3149002,6.6
3149101,6.1
3149150,5.4
3149200,5.8
3149309,6.5
3149408,6.4
3149507,5.8
3149606,7.1
3149705,6.9
3149804,7.0
3149903,7.0
3149952,5.3
3150000,5.7
3150109,6.1
3150158,6.0
3150208,5.3
3150307,6.4
3150505,7.1
3150539,6.2
3150570,5.6
3150604,7.0
3150703,5.5
3150802,6.9
3150901,5.9
3151008,6.7
3151107,5.5
3151206,6.0
3151305,6.9
3151404,6.5
3151503,6.7
3151602,5.8
3151701,7.0
3151800,6.3
3151909,6.5
3152006,6.8
3152105,5.9
3152131,5.9
3152170,5.5
3152204,6.4
3152303,6.5
3152402,5.1
3152501,6.6
3152600,6.2
3152709,6.5
3152808,5.9
3152907,6.5
3153004,5.7
3153103,6.9
3153202,6.3
3153301,5.7
3153400,7.0
3153509,5.9
3153608,6.0
3153707,6.2
3153806,5.7
3153905,6.1
3154002,6.5
3154101,5.8
3154150,6.0
3154200,6.3
3154309,6.1
3154408,6.7
3154457,6.5
3154507,6.2
3154606,5.8
3154705,6.0
3154804,5.7
3154903,5.7
3155009,6.5
3155108,6.3
3155207,7.1
3155306,6.7
3155405,6.0
3155504,7.3
3155603,6.3
3155702,6.9
3155801,6.5
3155900,5.4
3156007,5.7
3156106,6.9
3156205,6.0
3156304,5.7
3156403,5.6
3156452,6.3
3156502,5.7
3156601,5.8
3156700,6.0
3156809,6.0
3156908,6.4
3157005,6.3
3157104,5.1
3157203,6.8
3157252,6.3
3157278,5.6
3157302,6.3
3157336,5.0
3157377,5.1
3157401,5.8
3157500,5.9
3157609,5.0
3157658,5.8
3157708,6.9
3157807,6.1
3157906,5.8
3158003,6.4
3158102,5.6
3158201,6.2
3158300,7.3
3158409,6.5
3158508,6.4
3158607,5.1
3158706,5.7
3158805,6.2
3158904,6.0
3158953,6.3
3159001,6.2
3159100,6.0
3159209,6.9
3159308,5.9
3159357,6.3
3159506,6.8
3159605,6.8
3159704,6.8
3159803,6.6
3159902,6.1
3160009,7.0
3160108,7.1
3160207,5.6
3160306,5.2
3160405,7.3
3160454,6.0
3160504,7.0
3160603,6.4
3160702,6.0
3160801,6.4
3160900,7.5
3160959,7.1
3161007,7.3
3161056,5.6
3161106,5.6
3161205,6.5
3161304,6.1
3161403,6.5
3161502,6.9
3161601,6.5
3161650,5.8
3161700,7.0
3161809,7.1
3161908,7.0
3162005,6.9
3162104,6.4
3162203,7.2
3162252,6.6
3162302,6.7
3162401,5.8
3162450,5.1
3162500,6.6
3162559,5.9
3162575,7.3
3162609,6.5
3162658,5.7
3162708,6.9
3162807,5.9
3162906,6.2
3162922,6.2
3162948,8.1
3162955,5.7
3163003,6.1
3163102,6.4
3163201,6.7
3163300,5.6
3163409,5.9
3163508,6.4
3163607,5.8
3163706,6.9
3163805,6.3
3163904,8.0
3164001,5.3
3164100,5.8
3164209,5.7
3164308,6.9
3164407,6.6
3164431,6.0
3164472,6.3
3164506,5.9
3164704,6.9
3164803,6.4
3164902,6.5
3165008,6.8
3165107,5.9
3165305,6.5
3165404,5.8
3165503,6.2
3165537,7.0
3165552,6.0
3165560,6.4
3165578,6.7
3165602,5.4
3165701,6.7
3165800,6.5
3165909,7.0
3166006,7.0
3166105,5.2
3166204,6.7
3166303,6.1
3166402,6.9
3166501,5.2
3166709,5.5
3166808,6.5
3166907,6.3
3166956,6.1
3167004,6.3
3167103,5.8
3167202,6.4
3167301,6.5
3167400,6.8
3167509,3.7
3167608,5.7
3167707,5.8
3167806,7.0
3167905,5.7
3168002,6.8
3168051,6.7
3168101,6.2
3168309,5.7
3168408,6.0
3168507,6.1
3168606,5.7
3168705,6.7
3168804,5.7
3168903,6.9
3169000,6.6
3169059,6.8
3169109,6.0
3169208,6.3
3169307,6.8
3169356,6.6
3169406,6.6
3169505,5.6
3169604,6.3
3169703,7.1
3169802,6.2
3169901,6.7
3170008,5.4
3170057,6.2
3170107,6.0
3170206,6.1
3170305,5.5
3170404,6.3
3170438,5.9
3170479,6.2
3170503,5.9
3170529,5.4
3170578,6.0
3170602,7.2
3170651,6.9
3170701,6.6
3170750,6.7
3170800,6.2
3170909,6.4
3171006,6.6
3171030,5.2
3171071,7.4
3171105,4.6
3171154,6.2
3171204,6.0
3171303,6.3
3171402,6.0
3171501,4.9
3171600,5.9
3171709,6.5
3171808,6.2
3171907,6.4
3172004,6.5
3172103,5.4
3172202,6.8
3200102,6.4
3200136,6.8
3200169,6.1
3200201,5.8
3200300,6.3
3200359,6.3
3200409,6.0
3200508,4.9
3200607,6.4
3200706,5.6
3200805,5.8
3200904,5.9
3201001,5.9
3201100,5.5
3201159,6.2
3201209,5.7
3201308,5.4
3201407,6.4
3201506,6.0
3201605,6.0
3201704,5.8
3201803,4.9
3201902,6.4
3202009,5.4
3202108,5.8
3202207,5.4
3202256,6.2
3202306,5.2
3202405,5.8
3202454,5.5
3202504,6.0
3202553,5.0
3202603,6.6
3202652,5.8
3202702,6.4
3202801,5.6
3202900,6.5
3203007,5.4
3203056,5.7
3203106,5.8
3203130,6.2
3203163,5.9
3203205,5.6
3203304,6.7
3203320,5.7
3203346,6.7
3203353,6.5
3203403,5.8
3203502,5.5
3203601,6.2
3203700,5.8
3203809,5.6
3203908,6.2
3204005,5.7
3204054,5.7
3204104,5.9
3204203,5.4
3204252,5.8
3204302,5.9
3204351,5.9
3204401,6.1
3204500,5.8
3204559,6.3
3204609,6.1
3204658,5.8
3204708,6.3
3204807,5.4
3204906,5.5
3204955,6.5
3205002,5.6
3205010,5.8
3205036,6.0
3205069,6.3
3205101,5.3
3205150,6.8
3205176,6.6
3205200,5.6
3205309,5.6
3300100,5.1
3300159,5.9
3300209,5.1
3300225,5.6
3300233,5.9
3300258,5.0
3300308,5.2
3300407,5.5
3300456,4.3
3300506,5.4
3300605,5.9
3300704,5.0
3300803,4.7
3300902,5.9
3300936,5.0
3300951,6.2
3301009,4.6
3301108,5.6
3301157,4.6
3301207,5.3
3301306,5.7
3301504,5.5
3301603,5.0
3301702,4.6
3301801,5.4
3301850,5.0
3301876,6.1
3301900,4.9
3302007,4.6
3302056,5.6
3302106,5.8
3302205,6.4
3302254,5.7
3302270,4.5
3302304,5.0
3302403,5.9
3302452,5.7
3302502,4.3
3302601,5.3
3302700,5.5
3302809,6.1
3302858,4.7
3302908,6.6
3303005,5.9
3303104,5.1
3303203,4.8
3303302,5.4
3303401,5.9
3303500,4.7
3303609,5.7
3303708,5.5
3303807,5.7
3303856,6.3
3303906,5.6
3303955,5.6
3304003,5.5
3304102,5.2
3304110,5.5
3304128,5.5
3304144,5.0
3304151,5.7
3304201,5.8
3304300,5.3
3304409,5.8
3304508,5.1
3304524,6.2
3304557,5.7
3304607,4.7
3304706,6.1
3304755,4.6
3304805,5.2
3304904,4.5
3305000,5.3
3305109,4.6
3305133,6.5
3305208,5.3
3305307,5.6
3305406,5.4
3305505,5.4
3305554,4.4
3305604,4.8
3305703,5.2
3305752,4.9
3305901,5.9
3306008,5.2
3306107,5.2
3306156,4.9
3306206,4.8
3306305,6.0
3500105,6.9
3500204,6.5
3500303,6.3
3500402,6.5
3500501,7.0
3500550,6.9
3500600,7.4
3500709,6.5
3500758,6.8
3500808,6.1
3500907,6.5
3501004,6.2
3501103,7.6
3501152,6.6
3501202,6.2
3501301,6.3
3501400,6.0
3501509,7.0
3501608,6.8
3501707,6.9
3501806,6.2
3501905,6.9
3502002,7.1
3502101,7.1
3502200,7.1
3502309,5.6
3502408,6.5
3502507,6.7
3502606,6.7
3502705,6.4
3502754,6.3
3502804,6.7
3502903,6.3
3503000,6.2
3503109,5.8
3503158,4.8
3503208,6.5
3503307,6.8
3503356,6.8
3503406,6.7
3503505,6.0
3503604,6.3
3503703,7.4
3503802,6.5
3503901,6.8
3503950,7.4
3504008,6.7
3504107,7.3
3504206,6.7
3504305,6.5
3504404,6.5
3504503,6.3
3504602,7.1
3504701,5.1
3504800,6.6
3504909,5.4
3505005,7.3
3505104,6.4
3505203,6.6
3505302,6.7
3505351,6.2
3505401,5.9
3505500,6.7
3505609,5.8
3505708,6.5
3505807,6.7
3505906,6.7
3506003,6.3
3506102,6.6
3506201,6.7
3506300,6.5
3506359,6.1
3506409,6.6
3506508,7.3
3506607,6.1
3506706,5.7
3506805,6.7
3506904,5.8
3507001,7.1
3507100,6.9
3507159,5.7
3507209,5.0
3507308,6.9
3507407,6.4
3507456,5.7
3507506,6.6
3507605,6.4
3507704,6.5
3507753,7.3
3507803,6.6
3507902,6.3
3508009,6.2
3508108,6.7
3508207,6.1
3508306,6.9
3508405,6.5
3508504,6.2
3508603,5.9
3508702,6.5
3508801,6.1
3508900,6.5
3509007,6.5
3509106,6.8
3509205,6.0
3509254,6.3
3509304,7.0
3509403,6.4
3509452,6.0
3509502,6.4
3509601,6.2
3509700,6.9
3509809,6.8
3509908,6.4
3509957,5.9
3510005,6.5
3510104,7.1
3510153,6.2
3510203,6.7
3510302,6.4
3510401,6.5
3510500,6.4
3510609,6.2
3510708,6.8
3510807,6.2
3510906,5.5
3511003,6.9
3511102,7.0
3511201,6.4
3511300,6.8
3511409,6.4
3511508,7.6
3511607,6.3
3511706,6.7
3511904,6.8
3512001,6.3
3512100,6.8
3512209,6.5
3512308,6.0
3512407,6.7
3512506,7.3
3512605,6.3
3512704,6.6
3512803,6.8
3512902,7.4
3513009,5.8
3513108,5.6
3513207,6.2
3513306,6.3
3513405,6.2
3513504,6.2
3513603,6.2
3513702,6.7
3513801,6.6
3513850,6.5
3513900,6.7
3514007,6.1
3514106,6.3
3514205,6.7
3514304,5.9
3514403,7.0
3514502,6.7
3514601,7.1
3514700,6.9
3514809,5.9
3514908,6.9
3514924,7.1
3514957,7.7
3515004,6.2
3515103,6.5
3515129,6.4
3515152,5.9
3515186,6.5
3515194,6.4
3515202,7.0
3515301,6.7
3515350,6.3
3515400,7.5
3515509,6.5
3515608,6.3
3515657,6.7
3515707,6.1
3515806,5.7
3515905,7.7
3516002,6.2
3516101,7.6
3516200,7.2
3516309,5.8
3516408,5.9
3516507,7.6
3516606,6.2
3516705,6.1
3516804,6.8
3516853,6.2
3516903,6.5
3517000,6.1
3517109,7.1
3517208,6.3
3517307,6.1
3517406,6.5
3517505,6.4
3517604,6.1
3517703,6.5
3517802,6.7
3517901,6.3
3518008,7.1
3518107,5.7
3518206,7.0
3518305,6.6
3518404,6.3
3518503,6.6
3518602,6.3
3518701,6.0
3518800,6.3
3518859,5.6
3518909,7.5
3519006,6.3
3519055,7.3
3519071,6.9
3519105,7.0
3519204,6.6
3519253,6.1
3519303,6.8
3519402,7.5
3519501,6.6
3519600,7.0
3519709,5.9
3519808,5.9
3519907,6.2
3520004,6.0
3520103,5.8
3520202,6.4
3520301,6.2
3520400,6.5
3520426,6.8
3520442,6.6
3520509,7.4
3520608,6.7
3520707,7.2
3520806,6.9
3520905,6.7
3521002,5.9
3521101,5.9
3521150,6.6
3521200,6.3
3521309,6.3
3521408,6.9
3521507,6.2
3521606,7.7
3521705,6.8
3521804,6.3
3521903,7.5
3522000,6.7
3522109,6.5
3522158,6.1
3522208,6.3
3522307,6.5
3522406,6.7
3522505,5.9
3522604,6.7
3522653,5.5
3522703,6.8
3522802,6.1
3522901,6.5
3523008,6.5
3523107,5.7
3523206,6.5
3523305,6.8
3523404,7.0
3523503,6.6
3523602,6.8
3523701,6.6
3523800,6.5
3523909,6.3
3524006,6.7
3524105,5.2
3524204,6.6
3524303,6.3
3524402,6.4
3524501,6.3
3524600,6.7
3524709,7.4
3524808,7.8
3524907,6.1
3525003,6.0
3525102,6.0
3525201,5.9
3525300,6.4
3525409,6.6
3525508,7.1
3525607,6.8
3525706,6.2
3525805,5.7
3525854,6.9
3525904,7.1
3526001,7.7
3526100,6.3
3526209,6.9
3526308,6.5
3526407,6.0
3526506,7.0
3526605,5.8
3526704,7.0
3526803,6.6
3526902,6.9
3527009,6.0
3527108,6.4
3527207,5.7
3527256,7.3
3527306,7.0
3527405,7.3
3527504,6.9
3527603,5.7
3527702,7.7
3527801,6.5
3527900,6.5
3528007,7.4
3528106,6.3
3528205,6.8
3528304,7.1
3528403,5.8
3528502,6.2
3528601,6.0
3528700,6.5
3528809,6.4
3528858,7.7
3528908,6.7
3529005,7.2
3529104,7.3
3529203,7.0
3529302,6.7
3529401,6.6
3529500,7.4
3529609,6.8
3529658,6.7
3529708,5.4
3529807,6.6
3529906,6.0
3530003,7.4
3530102,6.7
3530201,6.5
3530300,6.5
3530409,7.1
3530508,6.2
3530607,6.8
3530706,6.8
3530805,6.6
3530904,6.6
3531001,6.4
3531100,6.1
3531209,6.3
3531308,6.6
3531407,6.6
3531506,6.8
3531605,7.3
3531704,6.8
3531803,6.4
3531902,6.0
3532009,6.2
3532058,6.8
3532108,7.6
3532157,6.2
3532207,6.8
3532306,6.5
3532405,6.6
3532504,7.1
3532603,7.0
3532702,6.7
3532801,5.4
3532827,6.1
3532843,7.2
3532868,7.1
3532900,6.4
3533007,6.7
3533106,6.5
3533205,6.2
3533254,6.5
3533304,6.3
3533403,6.9
3533502,7.7
3533601,6.9
3533700,7.2
3533809,6.5
3533908,6.8
3534005,6.5
3534104,6.1
3534203,7.2
3534302,6.3
3534401,6.1
3534500,7.1
3534609,6.3
3534708,6.8
3534757,6.7
3534807,6.8
3534906,6.6
3535002,6.3
3535101,7.2
3535200,7.3
3535309,6.6
3535408,6.4
3535507,6.6
3535606,6.3
3535705,6.6
3535804,6.1
3535903,5.8
3536000,6.8
3536109,6.4
3536208,6.3
3536257,6.3
3536307,6.5
3536406,6.1
3536505,6.6
3536570,6.3
3536604,6.4
3536703,6.3
3536802,6.4
3536901,6.5
3537008,6.2
3537107,7.2
3537156,7.3
3537206,5.8
3537305,6.8
3537404,7.5
3537503,6.2
3537602,6.0
3537701,7.3
3537800,7.0
3537909,6.8
3538006,6.9
3538105,6.3
3538204,6.4
3538303,6.5
3538501,6.6
3538600,6.4
3538709,6.8
3538808,6.8
3538907,5.5
3539004,6.5
3539103,5.4
3539202,6.4
3539301,6.4
3539400,7.4
3539509,6.7
3539608,6.3
3539707,6.3
3539806,6.7
3539905,6.4
3540002,7.4
3540101,6.4
3540200,6.5
3540259,5.8
3540309,6.7
3540408,6.3
3540507,6.1
3540606,6.5
3540705,6.5
3540754,5.9
3540804,6.6
3540853,6.6
3540903,6.2
3541000,6.4
3541059,6.2
3541109,6.0
3541208,6.2
3541307,6.6
3541406,6.5
3541505,7.3
3541604,6.4
3541653,5.9
3541703,6.7
3541802,6.6
3541901,5.3
3542008,7.8
3542107,6.4
3542206,7.0
3542305,6.5
3542404,6.8
3542503,6.9
3542602,6.8
3542701,6.2
3542800,6.1
3542909,6.1
3543006,6.9
3543105,6.5
3543204,6.9
3543238,6.1
3543253,6.6
3543303,7.0
3543402,6.1
3543501,6.3
3543600,6.4
3543709,5.9
3543808,6.4
3543907,6.8
3544004,6.2
3544103,6.7
3544202,6.7
3544251,6.8
3544301,6.7
3544400,6.9
3544509,7.1
3544608,5.8
3544707,7.1
3544806,6.6
3544905,6.4
3545001,6.5
3545100,6.3
3545159,6.9
3545209,6.8
3545308,6.8
3545407,7.3
3545506,5.7
3545605,6.8
3545704,6.5
3545803,7.0
3546009,6.7
3546108,6.4
3546207,6.8
3546256,5.9
3546306,6.5
3546405,6.8
3546504,6.7
3546603,7.0
3546702,6.7
3546801,6.6
3546900,6.4
3547007,5.4
3547106,6.7
3547205,8.2
3547304,6.6
3547403,6.1
3547502,6.6
3547601,6.0
3547650,7.8
3547700,6.2
3547809,6.5
3547908,7.2
3548005,5.7
3548054,6.7
3548104,7.1
3548203,6.6
3548302,5.3
3548401,7.1
3548500,6.0
3548609,6.5
3548708,6.9
3548807,7.5
3548906,7.1
3549003,7.3
3549102,6.8
3549201,6.3
3549250,7.0
3549300,7.2
3549409,6.7
3549508,5.6
3549607,4.9
3549706,6.7
3549805,6.9
3549904,6.9
3549953,6.6
3550001,6.0
3550100,6.4
3550209,6.6
3550308,6.3
3550407,6.2
3550506,7.5
3550605,5.9
3550704,6.1
3550803,7.2
3550902,5.8
3551009,5.8
3551108,5.9
3551207,5.9
3551306,7.1
3551405,5.7
3551504,6.2
3551603,6.8
3551702,7.2
3551801,6.1
3551900,6.4
3552007,5.5
3552106,7.5
3552205,6.7
3552304,7.0
3552403,6.2
3552502,6.3
3552551,7.1
3552601,7.9
3552700,6.6
3552809,6.8
3552908,6.9
3553005,7.7
3553104,6.0
3553203,6.2
3553302,5.7
3553401,7.7
3553500,7.0
3553609,6.1
3553658,6.0
3553708,6.2
3553807,7.0
3553856,6.7
3553906,6.6
3553955,6.8
3554003,6.4
3554102,6.4
3554201,6.3
3554300,6.5
3554409,6.7
3554508,5.8
3554607,6.1
3554656,6.8
3554706,6.2
3554755,6.6
3554805,6.3
3554904,7.1
3554953,6.6
3555000,6.7
3555109,7.7
3555208,7.0
3555307,6.4
3555356,6.3
3555406,5.8
3555505,5.5
3555604,6.7
3555703,6.1
3555802,7.0
3555901,6.8
3556008,6.8
3556107,6.8
3556206,6.5
3556305,7.2
3556354,5.6
3556404,7.1
3556453,6.2
3556503,6.5
3556602,6.2
3556701,7.2
3556800,5.8
3556909,6.6
3556958,6.8
3557006,6.6
3557105,6.8
3557154,6.4
3557204,6.5
3557303,6.6
4100103,5.9
4100202,5.7
4100301,5.2
4100400,5.1
4100459,4.9
4100509,6.9
4100608,5.6
4100707,5.5
4100806,5.3
4100905,5.2
4101002,6.7
4101051,6.2
4101101,6.4
4101150,6.3
4101200,5.0
4101309,6.4
4101408,7.5
4101507,6.7
4101606,6.6
4101655,5.6
4101705,6.6
4101804,5.6
4101853,5.7
4101903,6.3
4102000,7.0
4102109,7.0
4102208,7.5
4102307,6.0
4102406,6.0
4102505,5.3
4102604,5.3
4102703,5.9
4102752,5.6
4102802,5.9
4102901,6.1
4103008,7.0
4103024,6.7
4103040,5.5
4103057,5.3
4103107,5.5
4103156,7.2
4103206,6.3
4103222,7.7
4103305,6.4
4103354,6.5
4103370,5.0
4103404,6.0
4103453,7.0
4103479,5.9
4103503,6.1
4103602,5.5
4103701,6.7
4103800,6.7
4103909,5.8
4103958,5.4
4104006,5.7
4104055,5.8
4104105,5.6
4104204,6.2
4104253,6.1
4104303,6.3
4104402,6.6
4104428,5.5
4104451,5.4
4104501,6.6
4104600,6.7
4104659,6.1
4104709,6.4
4104808,6.5
4104907,6.8
4105003,5.9
4105102,6.1
4105201,4.9
4105300,6.9
4105409,6.1
4105508,6.6
4105607,6.1
4105706,5.6
4105805,6.0
4105904,6.3
4106001,5.3
4106100,6.1
4106209,5.7
4106308,6.1
4106407,5.8
4106456,5.2
4106506,6.1
4106555,5.9
4106571,6.3
4106605,6.8
4106704,5.7
4106803,6.3
4106852,6.9
4106902,6.4
4107009,5.7
4107108,5.7
4107124,5.7
4107157,6.0
4107207,6.8
4107256,6.6
4107306,7.4
4107405,7.0
4107504,6.7
4107520,6.5
4107538,5.8
4107546,5.1
4107553,6.2
4107603,5.7
4107652,5.9
4107702,5.5
4107736,6.0
4107751,5.9
4107801,7.7
4107850,6.2
4107900,6.1
4108007,5.7
4108106,6.5
4108205,6.2
4108304,7.2
4108320,5.3
4108403,6.4
4108452,4.8
4108502,5.4
4108551,5.3
4108601,6.0
4108650,4.6
4108700,5.3
4108809,5.5
4108908,5.7
4108957,6.5
4109005,7.1
4109104,6.8
4109203,6.9
4109302,6.0
4109401,6.4
4109500,4.8
4109609,6.2
4109658,5.3
4109708,5.8
4109757,5.9
4109807,5.8
4109906,5.6
4110003,5.9
4110052,6.2
4110078,5.4
4110102,5.7
4110201,5.4
4110300,6.7
4110409,6.7
4110508,6.4
4110607,5.5
4110656,5.8
4110706,6.7
4110805,6.0
4110904,5.9
4110953,6.5
4111001,5.5
4111100,6.2
4111209,7.2
4111258,5.2
4111308,6.4
4111407,6.3
4111506,6.3
4111555,5.9
4111605,6.6
4111704,5.7
4111803,5.1
4111902,5.5
4112009,6.6
4112108,6.7
4112207,6.5
4112306,5.7
4112405,7.3
4112504,6.6
4112603,6.0
4112702,5.3
4112751,5.9
4112801,7.7
4112900,6.4
4112959,5.9
4113007,6.7
4113106,7.1
4113205,6.3
4113254,5.1
4113304,6.2
4113403,6.0
4113429,6.0
4113452,5.5
4113502,7.0
4113601,6.4
4113700,6.8
4113734,5.0
4113759,5.7
4113809,4.3
4113908,6.7
4114005,6.0
4114104,6.4
4114203,7.2
4114302,5.9
4114351,6.3
4114401,5.5
4114500,5.5
4114609,6.4
4114708,5.6
4114807,6.6
4114906,6.2
4115002,7.3
4115101,5.7
4115200,7.0
4115309,5.8
4115358,7.0
4115408,7.0
4115457,5.8
4115507,6.8
4115606,6.2
4115705,6.6
4115739,5.1
4115754,5.4
4115804,7.4
4115853,6.6
4115903,4.9
4116000,6.2
4116059,6.8
4116109,5.9
4116208,5.6
4116307,6.7
4116406,5.7
4116505,5.2
4116604,6.7
4116703,6.9
4116802,5.4
4116901,6.3
4116950,6.4
4117008,5.9
4117057,5.5
4117107,7.8
4117206,6.7
4117214,5.6
4117222,6.1
4117255,5.8
4117271,5.9
4117297,5.9
4117305,5.4
4117404,6.8
4117453,6.5
4117503,6.2
4117602,5.0
4117701,6.1
4117800,5.9
4117909,6.6
4118006,6.6
4118105,5.8
4118204,5.3
4118303,6.2
4118402,7.4
4118451,6.3
4118501,7.5
4118600,6.0
4118709,6.4
4118808,7.2
4118857,6.2
4118907,6.6
4119004,6.4
4119103,7.0
4119152,6.7
4119202,5.3
4119251,6.8
4119301,5.1
4119400,5.4
4119509,5.3
4119608,5.9
4119657,7.8
4119707,6.2
4119806,6.4
4119905,6.3
4119954,6.0
4120002,6.6
4120101,5.5
4120150,6.5
4120309,6.6
4120333,5.6
4120358,6.1
4120408,5.8
4120507,6.2
4120606,6.3
4120655,6.1
4120705,7.5
4120804,5.7
4120853,6.9
4120903,5.9
4121000,5.7
4121109,5.4
4121208,4.9
4121257,5.6
4121307,5.8
4121356,5.9
4121406,7.5
4121505,6.4
4121604,6.9
4121703,5.9
4121752,4.8
4121802,7.0
4121901,6.7
4122008,5.8
4122107,6.1
4122156,6.1
4122172,7.3
4122206,5.4
4122305,7.4
4122404,6.9
4122503,6.9
4122602,6.6
4122651,6.4
4122701,6.2
4122800,6.6
4122909,5.8
4123006,6.8
4123105,5.5
4123204,5.6
4123402,6.1
4123501,6.7
4123600,5.6
4123709,6.6
4123808,7.4
4123824,5.4
4123857,4.7
4123907,5.7
4123956,5.3
4124004,6.0
4124020,5.9
4124053,6.8
4124103,6.4
4124202,5.3
4124301,5.6
4124400,6.0
4124509,6.0
4124608,5.8
4124707,5.0
4124806,7.3
4124905,6.1
4125001,5.6
4125100,5.6
4125209,6.7
4125308,6.5
4125357,6.2
4125407,6.4
4125456,5.7
4125506,6.0
4125555,6.3
4125605,6.5
4125704,6.3
4125753,6.2
4125803,6.3
4125902,5.5
4126009,6.2
4126108,6.9
4126207,6.2
4126256,5.7
4126272,5.9
4126306,6.7
4126355,8.7
4126405,8.2
4126504,6.3
4126603,6.7
4126652,5.7
4126678,5.1
4126702,6.4
4126801,6.5
4126900,6.2
4127007,5.8
4127106,6.3
4127205,7.2
4127304,6.1
4127403,5.4
4127502,5.6
4127601,5.6
4127700,6.5
4127809,5.6
4127858,6.2
4127882,4.8
4127908,5.7
4127957,7.5
4127965,6.5
4128005,7.0
4128104,6.6
4128203,6.3
4128302,5.9
4128401,5.7
4128500,6.4
4128534,5.1
4128559,5.6
4128609,6.2
4128625,6.6
4128633,5.7
4128658,6.2
4128708,7.5
4128807,6.0
4200051,6.8
4200101,6.4
4200200,6.2
4200309,6.0
4200408,6.5
4200507,6.1
4200556,7.2
4200606,6.7
4200705,6.9
4200754,6.7
4200804,7.4
4200903,7.7
4201000,6.1
4201109,5.5
4201208,6.6
4201257,6.4
4201273,7.2
4201307,6.1
4201406,5.9
4201505,6.3
4201604,7.0
4201653,6.0
4201703,6.4
4201802,6.6
4201901,5.8
4201950,5.8
4202008,6.4
4202057,5.6
4202073,5.5
4202107,6.2
4202156,5.7
4202206,6.3
4202305,5.5
4202404,6.5
4202438,5.3
4202453,6.5
4202503,4.8
4202537,6.3
4202578,6.4
4202602,5.1
4202701,6.4
4202800,6.0
4202859,6.6
4202875,5.9
4202909,6.4
4203006,5.9
4203105,6.8
4203154,4.8
4203204,5.6
4203253,5.9
4203303,6.7
4203402,5.3
4203501,6.4
4203600,5.9
4203709,6.3
4203808,6.7
4203907,6.3
4203956,5.9
4204004,5.9
4204103,5.5
4204152,6.5
4204178,4.8
4204194,5.9
4204202,6.5
4204251,6.6
4204301,6.7
4204350,6.8
4204400,6.6
4204459,6.7
4204509,6.3
4204558,5.1
4204608,6.2
4204707,6.3
4204756,6.6
4204806,5.5
4204905,6.6
4205001,5.9
4205100,6.6
4205159,6.5
4205175,5.6
4205209,6.5
4205308,6.1
4205357,6.0
4205407,5.8
4205431,6.5
4205456,6.8
4205506,6.9
4205555,5.5
4205605,6.3
4205704,7.1
4205803,6.0
4205902,6.3
4206009,6.3
4206108,6.2
4206207,6.4
4206306,6.1
4206405,7.1
4206504,6.6
4206603,6.4
4206652,6.4
4206702,6.0
4206751,6.6
4206801,6.8
4206900,5.9
4207007,6.4
4207106,6.2
4207205,6.1
4207304,6.2
4207403,6.0
4207502,6.6
4207577,7.0
4207601,6.9
4207650,7.3
4207684,6.4
4207700,6.9
4207759,6.7
4207809,6.0
4207858,6.7
4207908,7.6
4208005,6.8
4208104,6.0
4208203,6.3
4208302,6.3
4208401,7.3
4208450,6.2
4208500,6.4
4208609,6.7
4208708,6.3
4208807,6.0
4208906,6.9
4208955,6.8
4209003,6.3
4209102,7.1
4209151,6.2
4209177,6.1
4209201,6.6
4209300,5.4
4209409,5.6
4209458,6.7
4209508,6.4
4209607,6.1
4209706,5.3
4209805,5.9
4209854,6.8
4209904,5.6
4210001,6.0
4210035,7.7
4210050,5.3
4210100,6.6
4210209,6.8
4210308,6.3
4210407,5.6
4210506,6.5
4210555,7.0
4210605,6.8
4210704,6.1
4210803,7.0
4210902,6.9
4211009,6.5
4211058,5.7
4211108,5.8
4211207,6.4
4211256,5.4
4211306,6.1
4211405,6.9
4211454,6.1
4211504,6.7
4211603,6.7
4211652,6.4
4211702,6.2
4211751,6.3
4211801,7.1
4211850,5.9
4211876,6.6
4211892,4.7
4211900,5.7
4212007,6.4
4212056,6.5
4212106,6.1
4212205,7.0
4212254,5.3
4212270,6.3
4212304,5.7
4212403,6.0
4212502,6.1
4212601,7.4
4212700,6.0
4212809,6.2
4212908,6.3
4213005,6.3
4213104,7.1
4213153,6.8
4213203,7.0
4213302,5.4
4213351,6.2
4213401,5.7
4213500,6.1
4213609,5.8
4213708,5.7
4213807,6.4
4213906,7.2
4214003,6.0
4214102,6.7
4214151,6.0
4214201,6.7
4214300,6.4
4214409,5.9
4214508,6.6
4214607,6.8
4214805,5.9
4214904,6.5
4215000,6.0
4215059,6.4
4215075,7.3
4215109,7.1
4215208,5.8
4215307,6.1
4215356,7.3
4215406,7.0
4215455,5.8
4215505,5.7
4215554,6.7
4215604,6.8
4215653,5.6
4215679,6.9
4215687,5.7
4215695,7.6
4215703,6.1
4215752,5.9
4215802,6.9
4215901,6.8
4216008,6.3
4216057,5.5
4216107,6.3
4216206,5.8
4216255,7.5
4216305,6.3
4216354,6.1
4216404,6.0
4216503,5.2
4216602,6.2
4216701,6.7
4216800,5.5
4216909,6.6
4217006,6.4
4217105,5.8
4217154,6.0
4217204,6.6
4217253,6.8
4217303,6.9
4217402,6.5
4217501,6.9
4217550,7.0
4217600,5.4
4217709,6.0
4217758,7.1
4217808,5.9
4217907,6.6
4217956,6.7
4218004,5.9
4218103,5.8
4218202,6.8
4218251,6.2
4218301,5.4
4218350,6.4
4218400,6.3
4218509,7.3
4218608,6.6
4218707,6.1
4218756,6.9
4218806,6.1
4218855,6.0
4218905,5.7
4218954,5.5
4219002,6.6
4219101,6.5
4219150,6.0
4219176,6.2
4219200,6.6
4219309,6.5
4219358,6.4
4219408,6.7
4219507,6.0
4219606,6.9
4219705,6.4
4219853,5.8
4220000,5.4
4300034,5.5
4300059,5.7
4300109,6.1
4300208,6.2
4300307,5.6
4300406,5.5
4300455,5.8
4300505,6.6
4300570,6.2
4300604,4.9
4300638,4.9
4300646,5.6
4300661,6.4
4300703,6.5
4300802,5.6
4300851,5.1
4300877,6.2
4300901,6.5
4301008,6.5
4301057,6.1
4301073,4.7
4301107,5.3
4301206,6.2
4301305,5.2
4301404,6.8
4301503,6.9
4301552,6.6
4301602,5.4
4301636,5.1
4301651,6.6
4301701,6.0
4301750,5.4
4301800,5.9
4301859,5.2
4301875,4.9
4301909,4.4
4301925,7.7
4301958,7.0
4302006,5.4
4302105,6.3
4302154,5.9
4302204,6.6
4302220,5.4
4302238,5.5
4302253,6.6
4302303,5.8
4302352,6.4
4302378,6.1
4302402,6.4
4302451,6.3
4302501,4.5
4302584,7.5
4302600,6.2
4302659,5.8
4302709,5.0
4302808,5.5
4302907,5.1
4303004,5.5
4303103,5.6
4303202,6.6
4303301,5.4
4303400,7.1
4303509,5.7
4303558,5.8
4303608,5.1
4303673,6.0
4303707,6.6
4303806,6.9
4303905,6.7
4304002,6.7
4304101,6.3
4304200,5.8
4304309,6.6
4304358,5.1
4304408,5.7
4304507,5.8
4304606,5.1
4304614,7.2
4304622,7.2
4304630,5.2
4304655,5.3
4304663,4.8
4304671,6.1
4304689,5.1
4304697,6.2
4304705,6.3
4304713,5.6
4304804,6.9
4304903,6.6
4304952,6.0
4305009,6.1
4305108,6.0
4305116,7.1
4305124,4.3
4305132,5.5
4305157,5.7
4305173,5.4
4305207,6.2
4305306,6.3
4305355,5.3
4305405,6.3
4305439,5.1
4305447,5.6
4305454,5.0
4305504,6.7
4305587,6.8
4305603,6.7
4305702,6.2
4305801,6.2
4305871,6.0
4305900,5.3
4305934,7.2
4305959,7.1
4305975,5.8
4306007,6.6
4306056,4.9
4306072,5.9
4306106,5.4
4306205,5.9
4306304,7.6
4306320,5.3
4306379,4.6
4306403,6.6
4306429,5.6
4306452,7.8
4306502,5.9
4306601,5.3
4306700,5.3
4306734,6.0
4306759,5.0
4306767,5.0
4306809,6.5
4306908,5.5
4306924,4.6
4306932,6.0
4306957,6.8
4306973,4.6
4307005,6.5
4307054,5.6
4307104,5.2
4307203,6.2
4307302,5.9
4307401,5.3
4307450,5.8
4307500,6.1
4307559,7.0
4307609,6.4
4307708,5.7
4307807,5.9
4307815,6.2
4307831,5.6
4307864,7.5
4307906,7.0
4308003,6.2
4308052,6.0
4308078,5.9
4308102,6.5
4308201,7.0
4308300,5.7
4308409,4.9
4308433,6.5
4308458,6.9
4308508,6.3
4308607,6.6
4308656,6.3
4308706,6.9
4308805,5.1
4308854,6.2
4308904,6.7
4309001,6.3
4309050,5.7
4309100,6.0
4309159,5.7
4309209,5.5
4309258,5.5
4309308,5.5
4309407,6.5
4309506,5.7
4309555,6.5
4309571,6.0
4309605,6.5
4309654,5.6
4309704,6.7
4309753,6.4
4309803,6.2
4309902,5.9
4309951,5.2
4310009,6.3
4310108,7.0
4310207,6.6
4310306,7.0
4310330,5.3
4310363,7.0
4310405,6.2
4310413,4.3
4310439,6.6
4310462,6.4
4310504,6.4
4310538,6.4
4310553,5.7
4310579,5.2
4310603,5.2
4310702,6.6
4310751,5.5
4310801,7.1
4310850,5.6
4310876,4.9
4310900,6.8
4311007,5.0
4311106,5.7
4311122,5.5
4311155,6.2
4311205,5.7
4311239,6.0
4311254,6.3
4311304,5.9
4311403,6.2
4311429,5.7
4311502,5.0
4311627,6.0
4311700,6.6
4311718,4.9
4311734,5.5
4311759,5.1
4311775,5.3
4311791,6.3
4311809,6.0
4311908,6.6
4311981,4.3
4312005,7.1
4312054,6.5
4312104,6.2
4312138,5.5
4312153,6.4
4312203,6.1
4312252,5.7
4312302,5.7
4312351,7.3
4312377,5.0
4312401,5.7
4312427,7.7
4312443,6.6
4312450,5.9
4312476,7.0
4312500,5.1
4312609,5.5
4312617,5.7
4312625,5.6
4312658,5.8
4312674,6.0
4312708,6.7
4312757,7.6
4312807,6.5
4312906,6.5
4312955,6.8
4313003,6.6
4313011,6.9
4313037,6.6
4313060,5.9
4313086,6.9
4313102,6.2
4313201,6.8
4313300,6.4
4313334,7.2
4313359,6.8
4313375,5.2
4313409,5.9
4313425,6.7
4313441,6.0
4313466,6.5
4313490,6.2
4313508,5.9
4313607,6.1
4313656,5.4
4313706,5.5
4313805,6.9
4313904,6.3
4313953,6.0
4314001,6.7
4314027,5.3
4314035,6.4
4314050,6.0
4314100,5.6
4314134,6.3
4314159,5.5
4314175,5.2
4314209,4.5
4314308,6.5
4314407,5.1
4314423,7.3
4314456,6.2
4314464,5.6
4314472,6.5
4314498,7.7
4314506,5.0
4314605,5.4
4314704,6.2
4314779,5.5
4314803,5.7
4314902,4.9
4315008,7.2
4315057,5.4
4315107,6.7
4315156,6.5
4315172,5.8
4315206,5.8
4315305,5.7
4315313,6.4
4315321,5.5
4315354,6.9
4315404,5.0
4315453,6.2
4315503,5.0
4315552,5.7
4315602,5.2
4315701,5.3
4315750,6.7
4315800,5.6
4315909,6.8
4315958,6.5
4316006,6.0
4316105,6.4
4316204,6.7
4316303,6.7
4316402,4.9
4316428,6.2
4316436,6.8
4316451,5.3
4316477,7.1
4316501,6.6
4316600,6.1
4316709,5.8
4316758,6.2
4316808,6.2
4316907,5.7
4316956,6.8
4316972,5.6
4317004,5.3
4317103,5.2
4317202,6.3
4317251,7.5
4317301,5.0
4317400,6.1
4317509,5.7
4317558,5.5
4317608,5.9
4317707,5.7
4317756,7.0
4317806,6.2
4317905,6.4
4317954,6.8
4318002,5.3
4318051,6.2
4318101,5.9
4318200,5.3
4318309,5.1
4318408,5.4
4318424,6.2
4318440,6.3
4318457,5.1
4318465,6.5
4318481,6.7
4318507,5.2
4318606,5.6
4318614,5.3
4318622,5.5
4318705,5.3
4318804,5.7
4318903,6.1
4319000,6.6
4319109,6.4
4319158,6.5
4319208,5.2
4319307,6.6
4319356,6.9
4319372,6.1
4319406,6.2
4319505,5.8
4319604,5.4
4319703,7.5
4319711,6.7
4319737,3.2
4319752,6.6
4319802,6.1
4319901,6.4
4320008,5.5
4320107,6.1
4320206,6.0
4320230,6.4
4320263,5.6
4320305,6.7
4320321,6.6
4320354,5.0
4320404,6.3
4320503,6.0
4320552,6.7
4320602,7.5
4320651,6.2
4320677,5.6
4320701,5.8
4320800,5.6
4320859,5.5
4320909,6.5
4321006,7.0
4321105,5.5
4321204,5.7
4321303,5.7
4321329,7.2
4321352,5.4
4321402,5.9
4321436,5.5
4321451,6.3
4321469,6.9
4321477,6.0
4321501,6.3
4321600,5.5
4321626,7.0
4321634,6.9
4321667,6.2
4321709,6.5
4321808,6.1
4321832,6.5
4321857,6.7
4321907,6.3
4321956,6.0
4322004,5.1
4322103,6.7
4322186,6.5
4322202,5.6
4322251,6.9
4322301,6.8
4322327,6.0
4322376,6.3
4322400,5.3
4322509,5.4
4322533,5.4
4322541,5.8
4322558,5.5
4322608,6.1
4322707,6.5
4322806,6.4
4322855,6.4
4322905,7.4
4323002,5.1
4323101,5.2
4323200,6.6
4323309,6.2
4323358,6.2
4323408,6.2
4323457,5.9
4323507,6.1
4323606,7.0
4323754,6.0
4323770,6.8
4323804,5.4
5000203,6.1
5000252,5.6
5000609,5.5
5000708,4.4
5000807,5.0
5000856,5.7
5000906,6.1
5001003,6.3
5001102,4.8
5001243,5.1
5001508,5.3
5001904,5.8
5002001,5.9
5002100,5.6
5002159,5.1
5002209,5.2
5002308,5.0
5002407,5.5
5002605,5.2
5002704,5.7
5002803,5.6
5002902,5.2
5002951,5.3
5003108,5.4
5003157,4.7
5003207,4.6
5003256,6.1
5003306,5.5
5003454,5.2
5003488,4.7
5003504,5.0
5003702,5.6
5003751,5.1
5003801,5.4
5003900,5.9
5004007,5.9
5004106,5.8
5004304,5.1
5004403,5.7
5004502,5.2
5004601,5.6
5004700,5.3
5004809,5.7
5004908,4.5
5005004,5.5
5005103,6.0
5005152,4.6
5005202,4.4
5005251,5.2
5005400,5.5
5005608,4.5
5005681,5.4
5005707,6.3
5005806,5.6
5006002,5.4
5006200,6.9
5006259,5.4
5006275,5.6
5006309,5.4
5006358,5.0
5006408,5.0
5006606,5.8
5006903,4.8
5007109,4.9
5007208,5.3
5007307,5.4
5007406,5.3
5007505,6.0
5007554,4.6
5007695,5.9
5007703,5.1
5007802,5.4
5007901,5.1
5007935,5.7
5007950,4.3
5007976,6.1
5008008,5.7
5008305,6.1
5008404,5.6
5100102,5.1
5100201,6.2
5100250,5.9
5100300,6.0
5100409,5.9
5100508,4.8
5100607,5.8
5100805,6.0
5101001,5.2
5101209,5.5
5101258,6.1
5101308,5.4
5101407,5.4
5101605,5.5
5101704,5.4
5101803,5.8
5101852,5.5
5101902,5.4
5102504,5.2
5102603,5.0
5102637,5.8
5102678,6.0
5102686,5.9
5102694,4.8
5102702,5.5
5102793,5.5
5102850,5.1
5103007,5.4
5103056,5.9
5103106,5.0
5103205,6.0
5103254,5.8
5103304,5.7
5103353,5.5
5103361,5.9
5103379,5.8
5103403,5.6
5103437,6.0
5103452,5.6
5103502,5.7
5103601,5.5
5103700,5.4
5103809,5.9
5103858,5.5
5103908,5.1
5103957,6.1
5104104,6.3
5104203,5.5
5104500,4.9
5104526,6.1
5104542,6.5
5104559,5.0
5104609,6.0
5104807,6.2
5104906,4.3
5105002,6.2
5105101,6.1
5105150,5.8
5105176,6.0
5105200,5.8
5105234,4.7
5105259,6.5
5105309,5.4
5105580,5.8
5105606,6.9
5105622,5.9
5105903,5.3
5106000,5.7
5106109,5.4
5106158,6.0
5106174,4.9
5106182,5.6
5106190,5.8
5106208,5.5
5106216,5.6
5106224,6.0
5106232,5.9
5106240,5.5
5106257,5.2
5106265,5.8
5106273,5.9
5106281,5.9
5106299,5.3
5106307,6.1
5106315,5.7
5106372,5.8
5106422,5.6
5106455,6.4
5106505,4.6
5106653,5.2
5106703,5.9
5106752,5.5
5106778,5.1
5106802,6.5
5106828,5.3
5106851,5.5
5107008,6.2
5107040,5.8
5107065,6.0
5107107,6.0
5107156,5.5
5107180,5.2
5107198,7.3
5107206,5.3
5107248,6.5
5107297,4.5
5107305,6.2
5107354,5.6
5107404,5.6
5107578,5.8
5107602,6.0
5107701,4.4
5107743,4.8
5107750,5.7
5107768,6.6
5107776,5.0
5107792,5.5
5107800,5.3
5107859,4.5
5107875,5.7
5107883,4.2
5107909,5.8
5107925,6.1
5107941,5.9
5107958,6.1
5108006,5.9
5108055,6.3
5108105,6.1
5108204,6.1
5108303,5.7
5108402,5.4
5108501,5.9
5108600,5.1
5108808,6.0
5108857,6.2
5108907,6.3
5108956,6.7
5200050,6.1
5200100,5.2
5200134,6.2
5200159,4.7
5200175,5.3
5200209,5.9
5200258,5.6
5200308,5.5
5200506,6.9
5200555,6.6
5200605,4.9
5200803,5.5
5200829,6.0
5200852,5.7
5200902,6.9
5201108,6.3
5201306,7.4
5201405,5.6
5201454,5.6
5201504,7.1
5201603,6.9
5201702,6.2
5201801,5.3
5202155,5.7
5202353,5.8
5202502,7.4
5202601,6.4
5202809,6.8
5203203,6.4
5203302,5.8
5203401,6.2
5203500,6.3
5203559,5.7
5203575,5.8
5203609,5.5
5203807,5.9
5203906,6.6
5203939,6.7
5204003,5.0
5204102,5.5
5204201,6.8
5204250,6.5
5204300,6.2
5204409,6.1
5204508,5.9
5204557,5.4
5204607,6.7
5204656,5.6
5204706,6.3
5204805,6.1
5204854,5.3
5204904,5.3
5204953,5.7
5205000,6.2
5205059,5.2
5205109,6.6
5205208,5.8
5205307,4.4
5205406,6.8
5205455,5.9
5205471,6.7
5205497,5.0
5205513,5.8
5205521,5.5
5205703,6.9
5205802,5.9
5205901,7.3
5206206,5.7
5206305,5.4
5206404,5.8
5206503,6.9
5206602,6.5
5206701,5.2
5206800,6.5
5207105,6.8
5207253,5.5
5207352,5.8
5207402,6.7
5207501,6.1
5207535,5.5
5207600,7.4
5207808,7.5
5207907,4.7
5208004,5.2
5208103,7.4
5208152,5.1
5208301,4.9
5208400,5.9
5208509,6.5
5208608,7.1
5208707,5.9
5208806,5.7
5208905,6.5
5209101,5.9
5209150,5.9
5209200,6.2
5209291,5.5
5209408,5.4
5209457,5.9
5209606,6.0
5209705,5.1
5209804,6.6
5209903,4.9
5209937,6.1
5209952,6.1
5210000,6.3
5210109,6.3
5210158,7.0
5210208,6.9
5210307,5.8
5210406,6.9
5210562,6.6
5210604,6.6
5210802,5.9
5210901,6.0
5211008,5.0
5211206,6.0
5211305,6.6
5211404,7.6
5211503,7.0
5211602,6.3
5211701,6.6
5211800,6.6
5211909,5.8
5212006,6.0
5212055,6.5
5212105,6.2
5212204,6.5
5212253,7.3
5212303,5.2
5212501,5.7
5212600,6.0
5212709,5.1
5212808,5.8
5212907,6.5
5212956,5.2
5213004,6.3
5213053,4.8
5213087,6.2
5213103,6.5
5213509,4.6
5213707,6.0
5213756,6.1
5213772,5.4
5213806,6.6
5213855,6.0
5213905,7.1
5214002,5.6
5214051,5.8
5214101,6.1
5214408,6.1
5214507,5.8
5214606,5.8
5214705,5.8
5214804,6.8
5214838,5.1
5214861,6.2
5214879,6.3
5214903,5.2
5215009,5.8
5215207,6.2
5215231,5.0
5215256,4.9
5215306,6.6
5215405,6.2
5215504,6.9
5215603,5.0
5215652,6.0
5215702,6.2
5215801,6.1
5215900,7.0
5216007,5.8
5216304,7.0
5216403,6.1
5216452,6.6
5216809,6.0
5216908,5.5
5217104,6.2
5217203,6.2
5217302,5.6
5217401,5.8
5217609,5.2
5217708,6.0
5218003,5.5
5218052,6.1
5218102,5.1
5218300,6.5
5218391,6.6
5218508,6.7
5218607,6.4
5218706,6.8
5218789,5.4
5218805,7.1
5218904,7.2
5219001,7.0
5219100,6.9
5219209,5.5
5219258,6.7
5219308,6.1
5219357,6.3
5219407,6.0
5219456,7.0
5219506,6.9
5219605,6.1
5219704,5.9
5219712,6.4
5219738,6.3
5219753,4.6
5219803,5.4
5219902,7.0
5220009,4.7
5220058,6.4
5220108,6.4
5220157,6.3
5220207,6.4
5220264,4.7
5220280,6.4
5220405,6.4
5220454,5.6
5220504,5.5
5220603,6.1
5220686,5.0
5220702,5.5
5221007,6.0
5221080,4.8
5221197,5.4
5221304,6.5
5221403,5.8
5221452,5.4
5221502,6.3
5221551,5.7
5221577,5.3
5221601,6.4
5221700,6.5
5221809,6.5
5221858,5.2
5221908,5.3
5222005,6.4
5222054,6.7
5222203,5.0
5222302,7.0
5300108,6.0
